series,pump & repump peak intensity (W/m^2),carrier Rabi (Hz),P_up,P_n0,P_target,nbar,photons_total,target_state_scattering_rate_per_s,status
,0.01,1000.0,0.7202858852786553,0.46244343904457974,0.39787055004508,2.0421833657986497,6.325959378640828,7.140962135577043,warning
,0.01,2500.0,0.6930078001111296,0.5771737474445617,0.5026333479077023,1.7248406089691632,7.058990404588714,7.140962135577043,warning
,0.01,5000.0,0.6890969815526755,0.5954497624505816,0.5193249288465588,1.6731620198786854,7.19790497461984,7.140962135577043,warning
,0.01,10000.0,0.6831931482887416,0.5944423517025219,0.5139428597280241,1.6700860884867919,7.265915750226791,7.140962135577043,warning
,0.01,20000.0,0.6638478859095529,0.5727600209978119,0.4774941277307469,1.7092384093847062,7.399659489368782,7.140962135577043,warning
,0.023403473193207163,1000.0,0.9110543886248884,0.46557782039624646,0.44705758705525905,1.8235687789242945,7.564889078540117,16.712331591368464,warning
,0.023403473193207163,2500.0,0.8999307802807087,0.7955630407037724,0.7693308706816452,0.7876244229581576,10.15546545036264,16.712331591368464,warning
,0.023403473193207163,5000.0,0.9081162722648055,0.8624503197181816,0.8384513586927698,0.5810323108343068,10.76549423377454,16.712331591368464,warning
,0.023403473193207163,10000.0,0.9013414107192012,0.8714318877565052,0.839898781415492,0.5389445154159984,11.133476255394614,16.712331591368464,warning
,0.023403473193207163,20000.0,0.8654627382389704,0.8506494247678255,0.7881104444478337,0.5648067009481212,12.004332193249972,16.712331591368464,warning
,0.05477225575051662,1000.0,0.9774218120641828,0.37067625078639443,0.36691990146782977,2.220464728057574,6.8760282195490685,39.11266043945811,warning
,0.05477225575051662,2500.0,0.967940912978764,0.8076835027917835,0.7971416881592333,0.5954360184929615,10.985838741663049,39.11266043945811,warning
,0.05477225575051662,5000.0,0.984777805699135,0.9698448500103066,0.9634335514379481,0.13284742770952726,12.408430916556705,39.11266043945811,warning
,0.05477225575051662,10000.0,0.978662227897348,0.9819773520687585,0.9666306561623321,0.06587615785569069,13.429228950435224,39.11266043945811,warning
,0.05477225575051662,20000.0,0.939027838542549,0.9650326523808,0.9127002987709769,0.07338668028660392,16.483381346118385,39.11266043945811,warning
,0.1281861019188702,1000.0,0.9949337191677,0.301648179740508,0.3009367196572755,2.646522966696402,6.137838557446566,91.53721001098718,warning
,0.1281861019188702,2500.0,0.9849217015466025,0.6006770064402631,0.5964197028466484,1.1788429816721844,9.932436391891938,91.53721001098718,warning
,0.1281861019188702,5000.0,0.9918661775611027,0.9598878229103478,0.9548631705296093,0.1428710924997194,13.122534235909079,91.53721001098718,warning
,0.1281861019188702,10000.0,0.9841576702272564,0.988508265726353,0.9740039401590705,0.028807126884093134,15.722277375065904,91.53721001098718,warning
,0.1281861019188702,20000.0,0.9428552812336112,0.9707761496638025,0.918077483100065,0.03756193271139465,24.113502948048776,91.53721001098718,warning
,0.3,1000.0,0.9989076212269765,0.2681806530049656,0.2680229303146395,2.898553980350299,6.187805456281033,214.2288640673112,warning
,0.3,2500.0,0.994782684292814,0.40396795682636555,0.4027964110016082,2.017683789461337,8.707136363780165,214.2288640673112,warning
,0.3,5000.0,0.9914456059648722,0.7877498647704388,0.783098071285381,0.5572954064966502,13.706828051286749,214.2288640673112,warning
,0.3,10000.0,0.9836906968088613,0.9712911617588095,0.9564457433255313,0.05932293747164377,20.829915931214593,214.2288640673112,warning
,0.3,20000.0,0.94082390986943,0.9573243922298155,0.903314199790671,0.052479113625185494,42.39129851605121,214.2288640673112,warning
