t_s,P_up,P_down,P_F2,P_F3,P_n0,P_target,P_n0_given_up,P_trapped,P_up_absolute,P_n0_absolute,P_target_absolute,nbar,mean_excitation_energy_J,mean_excitation_energy_hz,fractional_energy_reduction,cooling_rate_quanta_per_s,cooling_power_W,selection_cooling_power_W,T_equiv_K,photons_spin_pump,photons_repump,photons_raman_scatter,photons_lattice_scatter,overflow,trace_plus_overflow_minus_1,boundary_population,min_eigenvalue,raman_coherence_l1,mean_excitation_energy_x_hz,mean_excitation_energy_y_hz,mean_excitation_energy_z_hz,"P|2,-2>","P|2,-1>","P|2,+0>","P|2,+1>","P|2,+2>","P|3,-3>","P|3,-2>","P|3,-1>","P|3,+0>","P|3,+1>","P|3,+2>","P|3,+3>"
0,0.1428571429,0,0,1,0.3204080153,0.04577257361,0.3204080153,1,0.1428571429,0.3204080153,0.04577257361,1.399591896,4.005265134e-29,60447.06807,0,1082.592154,1.722558479e-26,5.171729768e-26,1e-05,0,0,0,0,0,-1.110223025e-16,nan,0,0,82517.82315,77605.1985,60447.06807,0,0,0,0,0,0.1428571429,0.1428571429,0.1428571429,0.1428571429,0.1428571429,0.1428571429,0.1428571429
0.0001,0.4508190426,0.1076364526,0.3003034095,0.6996965905,0.3567641733,0.1526391378,0.3385818329,0.6351762429,0.2863495457,0.2266081272,0.09695275404,1.249284326,3.76684994e-29,56848.92938,0.05952544606,752.9331526,1.239386425e-26,3.669555433e-26,7.061838434e-06,1.65378052,0.6948103351,1.583781557e-05,0.0002308346307,0.3648237571,-1.887379142e-15,nan,1.21811466e-07,0.01942778516,73932.8713,74061.58711,56848.92938,0.01482539752,0.03931535416,0.05712455388,0.08140165136,0.1076364526,0.01696758837,0.01737028794,0.02634947481,0.0368175795,0.05410833184,0.09726428545,0.4508190426
0.0002,0.6513600776,0.09458885645,0.2118196727,0.7881803273,0.372046578,0.2293878498,0.3521674995,0.5428490662,0.3535902099,0.2019651375,0.1245229801,1.207760851,3.68582682e-29,55626.13641,0.07975459877,481.9763249,8.464169551e-27,2.416943147e-26,6.522040438e-06,2.138887387,1.159429459,2.84719574e-05,0.0004172526462,0.4571509338,-3.330669074e-15,nan,5.754329667e-09,0.02715288651,73112.92656,73342.29186,55626.13641,0.007993571901,0.01812952627,0.03285696862,0.05825074944,0.09458885645,0.002724997519,0.005446161844,0.0119974579,0.02007951179,0.03276273699,0.06380938364,0.6513600776
0.0003,0.7716837246,0.07174360116,0.1440888317,0.8559111683,0.3816037431,0.281595787,0.36491088,0.4988653589,0.3849662782,0.1903688882,0.1404783834,1.193013282,3.657786303e-29,55202.95168,0.08675551284,269.7216706,5.436500707e-27,1.41389291e-26,6.287294374e-06,2.391077419,1.420314021,4.00110251e-05,0.0005870269793,0.5011346411,-4.551914401e-15,nan,2.818682392e-10,0.03148438009,72986.45912,73528.8993,55202.95168,0.0041197287,0.00888454556,0.01948714965,0.03985380662,0.07174360116,0.0006510513959,0.002228653908,0.006342159461,0.01191315006,0.02081397938,0.04227844955,0.7716837246
0.0004,0.8426772203,0.05376755596,0.101365434,0.898634566,0.3891815675,0.3170606218,0.3762539371,0.4733394507,0.3988723726,0.1842149894,0.1500773006,1.183334379,3.632467999e-29,54820.85031,0.09307676839,116.1691897,3.310857715e-27,6.604047209e-27,6.117239226e-06,2.548190434,1.585291593,5.099295039e-05,0.0007481381708,0.5266605493,-3.663735981e-15,nan,6.926813328e-11,0.03229897497,72892.51963,73788.76979,54820.85031,0.00222425674,0.004864687354,0.01241190928,0.02809702471,0.05376755596,0.0002223160335,0.001095276102,0.003774240699,0.007704293428,0.01410979015,0.02905142926,0.8426772203
0.0005,0.8850807888,0.04132541212,0.07480063742,0.9251993626,0.3958895796,0.3417524278,0.3861256872,0.4564747771,0.4040170558,0.1807136076,0.1560013633,1.174007549,3.601540953e-29,54354.10237,0.100798366,21.31888232,2.087240575e-27,1.564785808e-27,5.966878761e-06,2.659681691,1.701748252,6.161538304e-05,0.0009038382133,0.5435252229,-2.553512957e-15,nan,4.034032652e-11,0.03225807009,72740.22298,73957.15007,54354.10237,0.001263438377,0.002945914432,0.008493054404,0.02077281809,0.04132541212,9.83853201e-05,0.0006295754744,0.002498505774,0.005428261297,0.01030782977,0.02115601617,0.8850807888
0.0006,0.9109693453,0.03300034347,0.05808165927,0.9419183407,0.4021395243,0.3596047188,0.3947495277,0.4441512715,0.404608193,0.178610781,0.1597188931,1.164102964,3.565366131e-29,53808.15552,0.1098301831,82.69494322,3.355170584e-27,2.206553764e-27,5.825877958e-06,2.746966076,1.791581745,7.196537057e-05,0.001055663551,0.5558487285,-3.774758284e-15,nan,3.180586566e-11,0.03160102141,72536.06802,74026.05426,53808.15552,0.0007492708479,0.001946327899,0.0062128454,0.01617287166,0.03300034347,5.213323353e-05,0.0004115428509,0.001814035247,0.004136717025,0.008091929461,0.01644263756,0.9109693453
0.0007,0.9271699247,0.02743823947,0.04735423516,0.9526457648,0.4080639773,0.373074408,0.4023797559,0.4344019506,0.4027644238,0.1772637877,0.1620642505,1.153671868,3.525873914e-29,53212.14285,0.1196902587,101.3022172,3.959084285e-27,2.27060681e-27,5.692338215e-06,2.820321447,1.865721374,8.20873255e-05,0.001204421761,0.5655980494,-3.330669074e-15,nan,2.798279145e-11,0.03084996028,72299.63397,74018.44938,53212.14285,0.0004619343235,0.001388257666,0.004830539684,0.01323526402,0.02743823947,3.15505242e-05,0.0002984232242,0.001424180772,0.003373622911,0.006760766161,0.01358729659,0.9271699247
0.0008,0.9375658175,0.02368235199,0.04032593239,0.9596740676,0.4136947149,0.3836540387,0.4092022464,0.4262061869,0.399596352,0.176319247,0.1635157249,1.142974042,3.484838206e-29,52592.83598,0.1299356997,106.3542681,4.127684401e-27,2.230695502e-27,5.56628173e-06,2.885076738,1.929995613,9.200714465e-05,0.001350575445,0.5737938131,-4.107825191e-15,nan,2.536632264e-11,0.02995265471,72046.80996,73958.25915,52592.83598,0.0002964508361,0.001059879944,0.003964123384,0.01132312624,0.02368235199,2.121915762e-05,0.0002351499159,0.001191662661,0.002906440874,0.005935918148,0.0118178594,0.9375658175
0.0009,0.9443913946,0.02112455981,0.03564043974,0.9643595603,0.4190320193,0.3922582016,0.4153555442,0.419001658,0.3957015602,0.1755751109,0.1643568369,1.132243154,3.443531386e-29,51969.43751,0.1402488297,106.7680612,4.126204394e-27,2.186777098e-27,5.447853492e-06,2.944168684,1.987688336,0.0001017417862,0.001494410583,0.580998342,-5.329070518e-15,nan,1.274091378e-11,0.0291555161,71788.04984,73864.19368,51969.43751,0.0001991203111,0.0008586938338,0.003405468051,0.01005259773,0.02112455981,1.55916065e-05,0.0001977472745,0.001047522066,0.002610484998,0.005407328058,0.01068949164,0.9443913946
0.001,0.949004971,0.01933712038,0.03243537358,0.9675646264,0.4240708534,0.3994947032,0.420961655,0.412463318,0.3914297391,0.1749136713,0.1647769108,1.121648708,3.402783342e-29,51354.47204,0.1504224493,105.0374174,4.042629333e-27,2.155132806e-27,5.336987771e-06,2.99929854,2.040740185,0.0001113034402,0.001636116893,0.587536682,-5.218048216e-15,nan,7.725634324e-12,0.0283744202,71529.58925,73749.55256,51354.47204,0.0001409462022,0.0007313405961,0.003035948904,0.0091900175,0.01933712038,1.234989035e-05,0.0001746455,0.0009548782051,0.002416306068,0.005055977365,0.009945498366,0.949004971
0.0011,0.9522194774,0.01805225135,0.03018335025,0.9698166498,0.4288136971,0.405744114,0.426103565,0.4063958638,0.3869780571,0.1742681128,0.1648927297,1.111297883,3.363085121e-29,50755.35038,0.1603339583,102.240406,3.917834808e-27,2.135002976e-27,5.233372737e-06,3.051494659,2.090346291,0.0001207015217,0.001775828738,0.5936041362,-6.439293543e-15,nan,5.46941866e-12,0.02760233559,71274.88354,73623.38279,50755.35038,0.0001056825637,0.0006483968224,0.002785462711,0.008591556801,0.01805225135,1.040469252e-05,0.0001598064424,0.000893091154,0.002284023397,0.004813420356,0.009436426271,0.9522194774
0.0012,0.9545181175,0.01711499731,0.02856974487,0.9714302551,0.4332682395,0.4112383347,0.4308334511,0.4006779395,0.3824543525,0.1736010254,0.1647741286,1.101252936,3.324707475e-29,50176.15872,0.1699157573,98.9284605,3.773503132e-27,2.122876561e-27,5.136564537e-06,3.101403754,2.137270271,0.0001299437005,0.001913647123,0.5993220605,-7.549516567e-15,nan,4.34611402e-12,0.02687936031,71025.70477,73491.70798,50176.15872,8.400529449e-05,0.0005929180363,0.002611418645,0.008166405584,0.01711499731,9.197363505e-06,0.0001499002797,0.0008502471173,0.002190215373,0.004638947466,0.009073630037,0.9545181175
0.0013,0.956215396,0.016412363,0.02738134549,0.9726186545,0.4374444573,0.4161469247,0.4352020752,0.3952317154,0.3779266513,0.1728919233,0.1644744629,1.091547618,3.287788189e-29,49618.97648,0.1791334457,95.39699579,3.621651856e-27,2.115662827e-27,5.046082215e-06,3.149448613,2.182018698,0.0001390364719,0.002049652054,0.6047682846,-8.659739592e-15,nan,3.740727981e-12,0.02621835639,70782.83478,73358.45526,49618.97648,7.047557747e-05,0.0005548182841,0.002487374431,0.007856314196,0.016412363,8.423511627e-06,0.0001430189447,0.0008193078007,0.002120894779,0.004507838218,0.00880377529,0.956215396
0.0014,0.9575171153,0.01586255794,0.02647317174,0.9735268283,0.4413562077,0.4205939478,0.439254757,0.3900055893,0.3734370269,0.1721313879,0.1640339905,1.082195546,3.252375607e-29,49084.53327,0.1879749533,91.81611488,3.46913305e-27,2.111174662e-27,4.96142982e-06,3.195916962,2.224942001,0.0001479854937,0.00218390973,0.6099944107,-8.437694987e-15,nan,3.393868111e-12,0.02557041432,70546.4715,73226.11169,49084.53327,6.188349876e-05,0.0005279407321,0.002396625618,0.007624163946,0.01586255794,7.910495729e-06,0.0001380396836,0.0007960400172,0.002067592351,0.004405347439,0.008594782936,0.9575171153
0.0015,0.9585407446,0.01542581413,0.02576495764,0.9742350424,0.4450197257,0.4246523687,0.4430196328,0.3849642724,0.3690039403,0.1713166949,0.1634759901,1.073197096,3.218460575e-29,48572.69094,0.1964425655,88.28320391,3.319810256e-27,2.108009177e-27,4.882117903e-06,3.241012574,2.266291591,0.0001567957968,0.002316476858,0.6150357276,-9.547918012e-15,nan,3.184718084e-12,0.02495149745,70316.50285,73096.20804,48572.69094,5.631613109e-05,0.0005084466439,0.002328422199,0.007445958528,0.01542581413,7.557705311e-06,0.0001342873197,0.0007778510253,0.002025061672,0.004322539096,0.008427000931,0.9585407446
0.0016,0.9593650136,0.01507422865,0.02520186972,0.9747981303,0.4484507864,0.4283773288,0.4465217334,0.3800828298,0.3646381692,0.1704484439,0.1628188674,1.064545015,3.186003555e-29,48082.85278,0.2045461539,84.85538999,3.175900819e-27,2.105315908e-27,4.807690518e-06,3.284886026,2.306254421,0.0001654719223,0.002447403339,0.6199171702,-1.076916334e-14,nan,3.05225658e-12,0.02437697989,70092.66691,72969.64996,48082.85278,5.262364294e-05,0.0004939045514,0.002275771078,0.007305341796,0.01507422865,7.305399622e-06,0.0001313495359,0.0007631344907,0.001990023462,0.004253441694,0.00828786208,0.9593650136
0.0017,0.9600517212,0.01477882895,0.02473722234,0.9752627777,0.4516650387,0.4318213489,0.4497896721,0.3753430169,0.3603487094,0.1695293182,0.1620811278,1.056227587,3.154946914e-29,47614.149,0.2123001079,81.56501525,3.038594773e-27,2.102609424e-27,4.737727404e-06,3.3276529,2.34497513,0.0001740180164,0.00257673398,0.6246569831,-1.176836406e-14,nan,2.963779247e-12,0.02383820083,69874.62598,72846.92188,47614.149,5.01086311e-05,0.0004827475898,0.002234057969,0.007191479196,0.01477882895,7.117544917e-06,0.0001289695409,0.000750872947,0.001960391373,0.004194289832,0.008169415221,0.9600517212
0.0018,0.9606363368,0.01452527075,0.02434505872,0.9756549413,0.4546786025,0.4350186383,0.4528442467,0.370731007,0.3561376765,0.1685634562,0.1612748978,1.048230537,3.125223461e-29,47165.56557,0.2197212027,78.4272543,2.908385933e-27,2.099631163e-27,4.67184488e-06,3.36940513,2.382569523,0.0001824378969,0.002704509625,0.629268993,-1.265654248e-14,nan,2.901037232e-12,0.02331898424,69662.01353,72728.23089,47165.56557,4.834420487e-05,0.0004739519279,0.002200194423,0.007097297416,0.01452527075,6.972105248e-06,0.0001269847667,0.0007404101586,0.001934803591,0.004142801697,0.008066632166,0.9606363368
0.0019,0.9611379964,0.01430909504,0.02401284666,0.9759871533,0.4575064339,0.4379915984,0.4557010545,0.3662360162,0.3520033508,0.1675553337,0.1604082982,1.040539012,3.096764029e-29,46736.0586,0.2268267081,75.44748256,2.785375341e-27,2.096257327e-27,4.609699363e-06,3.410218152,2.419132443,0.0001907351033,0.002830767931,0.6337639838,-1.243449788e-14,nan,2.853575573e-12,0.0228336606,69454.47198,72613.61599,46736.0586,4.706643499e-05,0.0004668393692,0.002172082094,0.00701776373,0.01430909504,6.85541574e-06,0.0001252902966,0.0007313142439,0.001912343081,0.004097316744,0.007976037205,0.9611379964
0.002,0.9615777305,0.01411950636,0.023724174,0.976275826,0.4601622097,0.4407664144,0.458378351,0.3618493715,0.3479462974,0.1665094064,0.15949105,1.033137494,3.06949883e-29,46324.57491,0.2336340472,72.62514865,2.669442284e-27,2.092447841e-27,4.550980283e-06,3.450155334,2.454743402,0.0001989129348,0.002955543916,0.6381506285,-1.33226763e-14,nan,2.815300327e-12,0.02237419359,69251.6634,72503.01006,46324.57491,4.611016919e-05,0.0004609520928,0.002148275002,0.006949330377,0.01411950636,6.758846757e-06,0.0001238162724,0.0007232899222,0.001892379248,0.004056648484,0.007895202728,0.9615777305
0.0021,0.9619708613,0.01394822745,0.02346689418,0.9765331058,0.4626592573,0.4433653726,0.460892726,0.3575638914,0.3439660445,0.1654302444,0.1585314479,1.026010091,3.04335714e-29,45930.04709,0.2401608786,69.95646031,2.560333896e-27,2.088210146e-27,4.495402424e-06,3.489271182,2.489470734,0.0002069744809,0.003078870366,0.6424361086,-1.487698853e-14,nan,2.782618592e-12,0.02192912702,69053.26935,72396.2774,45930.04709,4.537100752e-05,0.0004559795023,0.002127774857,0.006889541362,0.01394822745,6.676873997e-06,0.0001225158556,0.0007161350585,0.001874477347,0.004019981216,0.007822458189,0.9619708613
0.0022,0.9623224639,0.01379516895,0.02323821313,0.9767617869,0.4650100384,0.4458014651,0.4632558023,0.3533734962,0.3400592535,0.164322223,0.1575344223,1.019141774,3.01827219e-29,45551.46748,0.2464238724,67.43519519,2.457718829e-27,2.083576318e-27,4.442711263e-06,3.527613251,2.52337387,0.000214922645,0.003200778137,0.6466265038,-1.476596623e-14,nan,2.753395162e-12,0.0215026037,68858.99814,72293.24665,45551.46748,4.478195383e-05,0.0004517054962,0.002109865812,0.006836690918,0.01379516895,6.605876282e-06,0.0001213561805,0.0007097029364,0.001858309158,0.003986755955,0.007756592858,0.9623224639
0.0023,0.9626386668,0.01365815959,0.02303389118,0.9769661088,0.4672256114,0.4480887974,0.4654797411,0.349272957,0.3362236537,0.1631892709,0.1565052993,1.012518463,2.994182405e-29,45187.90682,0.2524384016,65.05365528,2.361215251e-27,2.078589541e-27,4.39268116e-06,3.565223503,2.556504844,0.0002227601652,0.003321296394,0.650727043,-1.465494393e-14,nan,2.726353527e-12,0.02110080564,68668.58702,72193.73261,45187.90682,4.429929273e-05,0.000447976568,0.00209402617,0.006789429553,0.01365815959,6.543406929e-06,0.0001203132574,0.0007038827089,0.001843621261,0.003956469582,0.007696611777,0.9626386668
0.0024,0.9629275467,0.01353198545,0.02284724293,0.9771527571,0.4693162903,0.4502431589,0.4675774002,0.3452576818,0.3324581325,0.1620350545,0.1554499093,1.006126815,2.971029298e-29,44838.48239,0.2582190695,62.80296502,2.270406361e-27,2.073298528e-27,4.345107524e-06,3.60213936,2.588909918,0.0002304896311,0.003440452808,0.6547423182,-1.598721155e-14,nan,2.70072694e-12,0.02071334537,68481.79547,72097.54227,44838.48239,4.38940793e-05,0.0004446826443,0.002079877898,0.006746802863,0.01353198545,6.487771505e-06,0.0001193692774,0.0006985898388,0.001830223763,0.003928761159,0.007641778602,0.9629275467
0.0025,0.9631920991,0.01341584842,0.02267637295,0.9773236271,0.4712919045,0.452274813,0.4695582671,0.3413235841,0.3287601794,0.160863042,0.1543720602,0.9999538076,2.948756608e-29,44502.34515,0.2637799223,60.67476405,2.184895884e-27,2.067752745e-27,4.299802584e-06,3.638394547,2.620630581,0.0002381134981,0.003558273711,0.6586764159,-1.554312234e-14,nan,2.676053036e-12,0.02033929146,68298.4045,72004.48379,44502.34515,4.354691225e-05,0.000441744489,0.002067142045,0.006708091081,0.01341584842,6.437777101e-06,0.0001185109556,0.0006937599808,0.001817967375,0.003903340831,0.00759151101,0.9631920991
0.0026,0.9634337748,0.01331010258,0.02252078205,0.977479218,0.4731611827,0.4541921534,0.4714305905,0.337467008,0.3251271134,0.1596762887,0.1532748671,0.9939878316,2.927313895e-29,44178.73383,0.2691335537,58.66164044,2.104330659e-27,2.061995968e-27,4.256600748e-06,3.674019441,2.651703924,0.0002456341001,0.003674784228,0.662532992,-1.709743458e-14,nan,2.652051837e-12,0.01998310435,68118.21901,71914.37518,44178.73383,4.324428378e-05,0.0004391003434,0.00205559099,0.006672743856,0.01331010258,6.392524349e-06,0.0001177270595,0.0006893360232,0.001806713454,0.003879975963,0.007545298161,0.9634337748
0.0027,0.9636566496,0.01321233432,0.02237729242,0.9776227076,0.4749320211,0.4560058878,0.4732036956,0.3336846336,0.321557416,0.1584775174,0.1521621576,0.9882177901,2.906653943e-29,43866.93586,0.2742917521,56.7559713,2.028361109e-27,2.056070074e-27,4.215351572e-06,3.70904177,2.682163546,0.0002530536603,0.003790008391,0.6663153664,-1.687538997e-14,nan,2.628552965e-12,0.01964310242,67941.06113,71827.04253,43866.93586,4.297686773e-05,0.0004367056692,0.002045062157,0.006640213403,0.01321233432,6.351346662e-06,0.0001170091689,0.0006852755212,0.001796362352,0.003858384139,0.007502675474,0.9636566496
0.0028,0.9638635789,0.01312071388,0.02224362362,0.9777563764,0.4766118805,0.4577248678,0.4748855313,0.3299734314,0.3180493726,0.1572692577,0.1510370453,0.9826332824,2.886732283e-29,43566.28013,0.2792656199,54.95035336,1.956644966e-27,2.050012976e-27,4.175917459e-06,3.743486743,2.712039957,0.0002603743006,0.003903969236,0.6700265686,-1.676436767e-14,nan,2.605452202e-12,0.01931215871,67766.76854,71742.32147,43566.28013,4.273782799e-05,0.0004345234223,0.002035415014,0.006610233469,0.01312071388,6.313706349e-06,0.0001163496373,0.0006815378925,0.001786817375,0.003838453534,0.007463325332,0.9638635789
0.0029,0.964054795,0.01303607588,0.02212015833,0.9778798417,0.4782075435,0.4593549609,0.4764822116,0.3263306255,0.3146006043,0.1560537668,0.1499015917,0.9772245215,2.867507346e-29,43276.13927,0.2840655362,53.23797795,1.888876233e-27,2.043857285e-27,4.138172863e-06,3.777377433,2.741360797,0.0002675980503,0.004016688886,0.6736693745,-1.78745907e-14,nan,2.582685135e-12,0.01899527436,67595.19509,71660.05999,43276.13927,4.252214653e-05,0.0004325247034,0.002026536107,0.006582499489,0.01303607588,6.279167196e-06,0.0001157421308,0.0006780894459,0.001777994382,0.003820021977,0.007426919553,0.964054795
0.003,0.9642324317,0.01295734914,0.02200537904,0.977994621,0.4797250929,0.4609031448,0.478000044,0.3227536525,0.3112095392,0.1548330259,0.1487581734,0.9719825478,2.848941478e-29,42995.94502,0.2887009016,51.61274229,1.824778873e-27,2.037631274e-27,4.102005458e-06,3.810735115,2.770151349,0.0002747268531,0.004128188628,0.6772463475,-1.754152379e-14,nan,2.560211641e-12,0.01868878148,67426.2081,71580.1173,42995.94502,4.232615097e-05,0.000430687482,0.002018340175,0.006556676087,0.01295734914,6.247384472e-06,0.0001151815805,0.0006749034929,0.00176982905,0.003802887272,0.007393140521,0.9642324317
0.0031,0.9643987074,0.01288296072,0.02189746499,0.978102535,0.4811701472,0.462376614,0.4794454933,0.3192401405,0.3078747788,0.1536088254,0.1476091752,0.9668991406,2.830999788e-29,42725.17079,0.2931804279,50.06838473,1.764078978e-27,2.031359895e-27,4.067312961e-06,3.843579281,2.798434715,0.0002817625742,0.004238488975,0.6807598595,-1.887379142e-14,nan,2.538006226e-12,0.01839243943,67259.68599,71502.36266,42725.17079,4.214684631e-05,0.0004289910611,0.002010743496,0.00653262287,0.01288296072,6.21804777e-06,0.0001146628854,0.0006719517197,0.001762252109,0.003786976742,0.00736176615,0.9643987074
0.0032,0.9645542346,0.01281304439,0.02179625054,0.9782037495,0.482547936,0.4637801874,0.4808233386,0.3157878782,0.3045945351,0.1523827888,0.1464561613,0.9619663267,2.813649139e-29,42463.31649,0.2975123881,48.59919237,1.706523566e-27,2.025064605e-27,4.034000606e-06,3.875928034,2.826232157,0.0002887070061,0.004347609723,0.6842121218,-1.898481372e-14,nan,2.516052275e-12,0.01810143552,67095.51715,71426.67464,42463.31649,4.198202854e-05,0.0004274206745,0.002003687087,0.006510116362,0.01281304439,6.190908797e-06,0.0001141822723,0.0006692140197,0.001755214347,0.003772148811,0.007332564471,0.9645542346
0.0033,0.9646992645,0.01274792439,0.02170184709,0.9782981529,0.4838631252,0.4651185107,0.482138349,0.31239481,0.3013670435,0.1511563291,0.1453006088,0.9571768306,2.796858972e-29,42209.92094,0.301704412,47.20005724,1.651888027e-27,2.018763538e-27,4.001982149e-06,3.907798055,2.853563137,0.0002955618735,0.004455570006,0.68760519,-1.854072451e-14,nan,2.494338654e-12,0.01782335444,66933.60053,71352.94256,42209.92094,4.182978839e-05,0.0004259615417,0.001997108268,0.0064890231,0.01274792439,6.165738361e-06,0.0001137357921,0.000666668235,0.001748659112,0.00375832263,0.007305336857,0.9646992645
0.0034,0.9648356755,0.01268628718,0.02161272791,0.9783872721,0.4851199768,0.4663968788,0.4833951425,0.3090590113,0.2981911599,0.1499307004,0.1441441582,0.9525239515,2.780601548e-29,41964.5655,0.305763425,45.86627196,1.599967782e-27,2.012472216e-27,3.971179871e-06,3.939204822,2.880445565,0.0003023288388,0.00456238834,0.6909409887,-1.987299214e-14,nan,2.472857401e-12,0.01755353951,66773.843,71281.06375,41964.5655,4.168857025e-05,0.0004246015674,0.00199095757,0.006469193025,0.01268628718,6.142333632e-06,0.0001133200838,0.0006642958603,0.001742541745,0.003745399859,0.007279896752,0.9648356755
0.0035,0.9649641736,0.01262793155,0.0215284987,0.9784715013,0.4863224842,0.4676195054,0.4845977895,0.3057786728,0.2950654643,0.1487070438,0.1429880717,0.9480013978,2.764850619e-29,41726.85402,0.3096959811,44.59352073,1.550570787e-27,2.006203606e-27,3.941521648e-06,3.970162802,2.906896085,0.0003090095057,0.004668082663,0.6942213272,-1.987299214e-14,nan,2.451602728e-12,0.01729224831,66616.1579,71210.94271,41726.85402,4.155718185e-05,0.0004233315791,0.001985197572,0.006450480821,0.01262793155,6.120531323e-06,0.0001129325259,0.0006620827427,0.001736827875,0.003733282204,0.007256081851,0.9649641736
0.0036,0.9650850774,0.01257286934,0.02144906356,0.9785509364,0.4874742421,0.4687896967,0.4857496066,0.3025520976,0.2919885145,0.1474863545,0.1418333061,0.9436032687,2.749581871e-29,41496.41957,0.3135081502,46.00030192,1.603040406e-27,2.008316629e-27,3.912941403e-06,4.000685386,2.93293001,0.0003156054235,0.004772670373,0.6974479024,-2.065014826e-14,nan,2.430570029e-12,0.01703782029,66460.46615,71142.49192,41496.41957,4.143445246e-05,0.0004221411254,0.001979782738,0.006432835903,0.01257286934,6.100167483e-06,0.0001125701121,0.0006600116072,0.001731473505,0.003721939277,0.007233764378,0.9650850774
0.0037,0.9651992827,0.01252074377,0.02137385435,0.9786261456,0.488578538,0.469911173,0.4868540429,0.2993776855,0.2889591273,0.1462695119,0.1406809194,0.9393239924,2.734772497e-29,41272.91797,0.3172056266,44.26190269,1.539728954e-27,2.015895526e-27,3.88537806e-06,4.030785184,2.958561579,0.0003221180906,0.004876168362,0.7006223145,-2.065014826e-14,nan,2.409755494e-12,0.01679095996,66306.69451,71075.63053,41272.91797,4.13195341e-05,0.0004210235734,0.001974685776,0.006416081698,0.01252074377,6.081112791e-06,0.0001122308313,0.0006580718204,0.001726452434,0.003711246866,0.007212779852,0.9651992827
0.0038,0.9653077423,0.01247084292,0.02130208444,0.9786979156,0.489638406,0.4709875013,0.4879143517,0.2962539252,0.2859762077,0.1450572997,0.1395318959,0.9351584482,2.72040135e-29,41056.03002,0.3207936906,38.32640296,1.315685035e-27,2.003548463e-27,3.858775529e-06,4.060473931,2.983804026,0.0003285489572,0.004978593047,0.7037460748,-2.053912596e-14,nan,2.389155811e-12,0.01654994719,66154.77465,71010.28321,41056.03002,4.121156238e-05,0.0004199708461,0.00196987193,0.006400187183,0.01247084292,6.063238783e-06,0.000111912292,0.0006562496054,0.00172173062,0.003701185567,0.007193031912,0.9653077423
0.0039,0.9654106713,0.01242328078,0.02123375068,0.9787662493,0.4906566351,0.4720212457,0.4889331139,0.2931793903,0.283038512,0.1438504131,0.138386901,0.9311016762,2.706448402e-29,40845.45349,0.3242773421,29.27993566,9.667280469e-28,1.94938984e-27,3.833081512e-06,4.089762633,3.008669619,0.0003348994291,0.005079960393,0.7068206097,-2.153832668e-14,nan,2.368767884e-12,0.01631503069,66004.64334,70946.38053,40845.45349,4.110979553e-05,0.0004189763715,0.001965312641,0.006385071093,0.01242328078,6.046428127e-06,0.0001116124892,0.0006545337717,0.00171727952,0.003691698719,0.00717440711,0.9654106713
0.004,0.9655083493,0.0123781323,0.02116879181,0.9788312082,0.4916357518,0.4730150055,0.4899129104,0.2901527239,0.2801448775,0.1426494526,0.1372465923,0.9271492106,2.692895251e-29,40640.91067,0.3276611758,19.15545694,5.677572661e-28,1.847606653e-27,3.808248234e-06,4.118661705,3.033169883,0.0003411708694,0.005180285945,0.7098472761,-2.142730438e-14,nan,2.348588939e-12,0.01608617079,65856.2413,70883.85756,40640.91067,4.10136871e-05,0.0004180356154,0.001960989153,0.006370621048,0.0123781323,6.030590867e-06,0.0001113299872,0.0006529166757,0.001713080448,0.003682706319,0.007156794828,0.9655083493
0.0041,0.9742564252,0.007800179462,0.01504489014,0.9849551099,0.4908079889,0.4775866055,0.4902062672,0.2873767158,0.2799786118,0.1410467879,0.1372472702,0.9277970774,2.696801888e-29,40699.86926,0.3266858003,10.20613088,2.057369029e-28,1.710116689e-27,3.814185007e-06,4.145131094,3.052609158,0.0003411708694,0.005279570513,0.7126232842,-2.187139359e-14,nan,2.326222328e-12,0.004381836115,65733.085,70846.15842,40699.86926,3.852773931e-05,0.0003707259125,0.001658643859,0.005176813162,0.007800179462,5.740362554e-06,0.0001006362299,0.000556772525,0.001383895907,0.002892081559,0.005759558104,0.9742564252
0.0042,0.9780633132,0.006662092179,0.01296806906,0.9870319309,0.490533177,0.4793633802,0.4901148768,0.2849361362,0.2786855815,0.1397706281,0.1365879494,0.9274622971,2.697565686e-29,40711.39642,0.3264951019,4.320053194,-4.340005984e-29,1.561641442e-27,3.813215122e-06,4.167144923,3.066593325,0.0003411708694,0.005377968885,0.7150638638,-2.220446049e-14,nan,2.285525857e-12,0.001590281875,65638.71209,70838.35522,40711.39642,3.171532875e-05,0.0003045667756,0.001402985774,0.004566708998,0.006662092179,4.676191054e-06,7.941226269e-05,0.0004452984365,0.001143455749,0.002464565814,0.004831209275,0.9780633132
0.0043,0.979687883,0.006195850727,0.0120911106,0.9879088894,0.4903901011,0.4800122412,0.4899644566,0.2826618679,0.276920407,0.138614582,0.1356811567,0.926854866,2.697591288e-29,40711.78281,0.3264887097,2.478847659,-1.368307752e-28,1.431323431e-27,3.810377584e-06,4.186951229,3.078318821,0.0003411708694,0.005475625562,0.7173381321,-2.109423747e-14,nan,2.226512317e-12,0.0007122479644,65555.39283,70841.57982,40711.78281,2.729374192e-05,0.0002718678074,0.001288678071,0.004307420256,0.006195850727,3.868754652e-06,6.794514685e-05,0.000393636844,0.001039209568,0.002281800098,0.004434545946,0.979687883
0.0044,0.9803847518,0.005994628365,0.01171142177,0.9882885782,0.4902726642,0.480213478,0.4898214473,0.2804731267,0.2749715767,0.1375083071,0.1346869757,0.926192155,2.697532496e-29,40710.89553,0.3265033884,4.234689927,-8.648792254e-29,1.342677568e-27,3.807183345e-06,4.20575222,3.089063003,0.0003411708694,0.005572604352,0.7195268733,-2.120525977e-14,nan,2.166568924e-12,0.0003632908764,65476.60042,70848.77005,40710.89553,2.519708692e-05,0.0002574548101,0.001239177802,0.00419496371,0.005994628365,3.468546371e-06,6.284430392e-05,0.0003714535846,0.0009950076934,0.002204504425,0.004266547872,0.9803847518
0.0045,0.9806849695,0.00590565057,0.01154399936,0.9884560006,0.4901563961,0.48023105,0.489689416,0.2783343765,0.2729583395,0.1364273749,0.1336648099,0.9255329352,2.697529011e-29,40710.84292,0.3265042586,7.199333861,1.967357957e-29,1.30279923e-27,3.804023639e-06,4.22405731,3.099357819,0.0003411708694,0.005668934836,0.7216656235,-2.142730438e-14,nan,2.116287459e-12,0.0002013588326,65399.91859,70857.33735,40710.84292,2.426185295e-05,0.000251195384,0.001217714982,0.004145176569,0.00590565057,3.289430207e-06,6.065944142e-05,0.0003621166197,0.0009765429993,0.002172265649,0.004196156961,0.9806849695
0.0046,0.9808142673,0.005865169964,0.01146828236,0.9885317176,0.4900367607,0.4801704282,0.4895630541,0.2762298548,0.2709301827,0.1353627833,0.1326374077,0.9248899533,2.697591342e-29,40711.78362,0.3264886963,7.448589546,2.554786629e-29,1.270223546e-27,3.800975112e-06,4.242080264,3.10942568,0.0003411708694,0.005764632345,0.7237701452,-2.053912596e-14,nan,2.077110098e-12,0.0001183181309,65324.43482,70866.30899,40711.78362,2.384811871e-05,0.0002484827256,0.001208357674,0.004122423882,0.005865169964,3.21158421e-06,5.974644642e-05,0.0003583055756,0.0009691221614,0.002159361564,0.004167702976,0.9808142673
0.0047,0.9808689832,0.005846002696,0.01143277751,0.9885672225,0.489913538,0.4800748005,0.4894382519,0.2741524437,0.2689076287,0.1343109937,0.1316136797,0.9242645328,2.697708176e-29,40713.54688,0.326459526,7.114367286,1.457178581e-29,1.260728625e-27,3.798040759e-06,4.259911265,3.119360061,0.0003411708694,0.005859706232,0.7258475563,-2.065014826e-14,nan,2.046658017e-12,7.259259e-05,65249.8056,70875.3185,40713.54688,2.366579185e-05,0.0002473215159,0.001204285313,0.004111502198,0.005846002696,3.178772098e-06,5.93868391e-05,0.000356886655,0.0009664852736,0.002154838473,0.004157463233,0.9808689832
0.0048,0.9808905509,0.005836408793,0.01141527691,0.9885847231,0.489787148,0.4799622922,0.4893127901,0.2720988081,0.2668991498,0.1332704992,0.1305971676,0.9236559153,2.697869899e-29,40715.98757,0.3264191486,6.19666708,-1.325466187e-29,1.274314468e-27,3.795212316e-06,4.277588985,3.129200701,0.0003411708694,0.005954163315,0.7279011919,-2.065014826e-14,nan,2.022117979e-12,4.599198856e-05,65175.90362,70884.23026,40715.98757,2.358762588e-05,0.0002468510261,0.001202564507,0.004105864959,0.005836408793,3.166101123e-06,5.92709839e-05,0.0003565185126,0.0009659525215,0.002154004356,0.004155259717,0.9808905509
0.0049,0.9808970314,0.005831235307,0.01140605689,0.9885939431,0.4896579388,0.4798407325,0.4891856302,0.270067275,0.2649081884,0.1322405852,0.1295892791,0.9230633275,2.698070951e-29,40719.02183,0.3263689517,4.695488928,-5.793147674e-29,1.310981074e-27,3.792482923e-06,4.295130569,3.138964863,0.0003411708694,0.006048009304,0.729932725,-1.976196984e-14,nan,2.001329206e-12,2.983293224e-05,65102.68222,70892.9965,40719.02183,2.355757251e-05,0.0002466959604,0.001201916825,0.004102651225,0.005831235307,3.162606652e-06,5.926466066e-05,0.0003566213277,0.0009663637735,0.002154826086,0.004156673296,0.9808970314
0.005,0.9808964573,0.005828168493,0.01140076478,0.9885992352,0.4895261288,0.4797136265,0.489056335,0.2680569109,0.2629360743,0.1312208619,0.1285905528,0.9224862448,2.698308434e-29,40722.6059,0.326309659,2.610832831,-1.194586588e-28,1.370728445e-27,3.789848115e-06,4.312544092,3.14866034,0.0003411708694,0.00614124941,0.7319430891,-1.976196984e-14,nan,1.982861822e-12,1.968207128e-05,65030.12354,70901.60249,40722.6059,2.355048249e-05,0.0002466893552,0.001201773285,0.004100583162,0.005828168493,3.163399334e-06,5.930877305e-05,0.0003569401659,0.0009672079026,0.002156406977,0.004159750705,0.9808964573
