series,spin-pump total impurity,repump total impurity,P_up,P_n0,P_target,nbar,photons_total,target_state_scattering_rate_per_s,status
,0.0,0.0,0.9915909834312506,0.972020483816842,0.9670489563256397,0.11352870453862834,12.920752415283118,71.40962135577044,warning
,0.0,0.001,0.9915877493682439,0.9720465389333572,0.9670742574360859,0.1134737405980213,12.92635295069337,71.4095556993076,warning
,0.0,0.01,0.9915575780870194,0.9722758506439886,0.9672964588785911,0.11299321641691304,12.976761270003179,71.40896479114197,warning
,0.0,0.05,0.9913998912327869,0.9731875640058619,0.9681694394176058,0.11115767274821442,13.20250767211644,71.40633853262804,warning
,0.001,0.0,0.9895432310996943,0.9700052599637058,0.9631705090277701,0.11661958453484736,13.327616626593729,103.02696601299502,warning
,0.001,0.001,0.9895384998679747,0.9700311501945531,0.9631942761323744,0.11656480543002896,13.333275745820561,103.02690035653218,warning
,0.001,0.01,0.9894947152159805,0.9702588881860194,0.9634024729613445,0.11608615518910453,13.384213347523822,103.02630944836655,warning
,0.001,0.05,0.9892733487396086,0.9711615410776688,0.9642086489245024,0.11426371717902159,13.612371462791355,103.02368318985262,warning
,0.01,0.0,0.9713288662353013,0.9518324098403158,0.9287804549580245,0.1452636548192947,16.933789823043092,387.58306792801625,warning
,0.01,0.001,0.9713109974856287,0.9518566486958712,0.9287908383539689,0.1452109928367912,16.939928125045654,387.5830022715534,warning
,0.01,0.01,0.9711477747702474,0.9520687294447868,0.9288768885411882,0.14475335238429016,16.9951924278571,387.5824113633878,warning
,0.01,0.05,0.9703681439629354,0.9528834835919803,0.9291012975417549,0.1430687158143187,17.243015285294103,387.57978510487385,warning
,0.05,0.0,0.8948334932171488,0.8706752001825286,0.7868898511029849,0.2919379765637314,31.813354609637543,1652.2768542169997,warning
,0.05,0.001,0.894763990414479,0.8706883406671355,0.7868489360411299,0.2919071221909399,31.82068869560959,1652.276788560537,warning
,0.05,0.01,0.8941316985798283,0.8707973082182187,0.7864676189407569,0.2916558170879343,31.886702310097,1652.2761976523714,warning
,0.05,0.05,0.8911679544978781,0.8710789509433302,0.7844842362838063,0.2911185710111862,32.18245015312719,1652.2735713938573,warning
