t_s,P_up,P_down,P_F2,P_F3,P_n0,P_target,P_n0_given_up,nbar,fractional_energy_reduction,cooling_rate_quanta_per_s,cooling_power_W,T_equiv_K,photons_spin_pump,photons_repump,photons_raman_scatter,overflow,trace_plus_overflow_minus_1,boundary_population,min_eigenvalue,raman_coherence_l1,"P|2,-2>","P|2,-1>","P|2,+0>","P|2,+1>","P|2,+2>","P|3,-3>","P|3,-2>","P|3,-1>","P|3,+0>","P|3,+1>","P|3,+2>","P|3,+3>"
0,0.08333333333,0.08333333333,0.4166666667,0.5833333333,0.2500018856,0.02083349047,0.2500018856,2.999690758,0,-8.00902888,-3.714787103e-28,1.167667205e-05,0,0,0,0,-2.220446049e-16,5.866385591e-06,2.095137711e-07,0,0.08333333333,0.08333333333,0.08333333333,0.08333333333,0.08333333333,0.08333333333,0.08333333333,0.08333333333,0.08333333333,0.08333333333,0.08333333333,0.08333333333
5e-05,0.1429056323,0.03536581624,0.2425765297,0.7574230848,0.2498660986,0.03605850332,0.2523238779,3.003528626,-0.001279421486,115.9987979,5.380313203e-27,1.168965434e-05,0,0.3186720758,0,3.855545525e-07,0,5.767723517e-06,7.394813753e-08,0.0133322481,0.07109412298,0.05481300981,0.04390950795,0.0373940727,0.03536581624,0.08333319794,0.08620768349,0.09347609397,0.1039336513,0.1167182936,0.1308485322,0.1429056323
0.0001,0.1609178158,0.02232013546,0.1619231533,0.8380762763,0.2510980476,0.04288843825,0.2665238652,2.99470311,0.001662720626,215.7762879,1.000824174e-26,1.165980013e-05,0,0.4866136044,0,5.704050137e-07,0,5.732380408e-06,2.95003484e-08,0.02769514919,0.06065250094,0.03652497831,0.02446470385,0.01796083472,0.02232013546,0.08333306255,0.08865984794,0.1002997252,0.1161339447,0.1342721435,0.1544597366,0.1609178158
0.00015,0.1638500878,0.01977765559,0.1200244562,0.8799748734,0.2533402317,0.0468878874,0.2861633341,2.978492349,0.007066864677,291.3234413,1.351230691e-26,1.160496097e-05,0,0.5959564427,0,6.703519749e-07,0,5.713212239e-06,1.328090567e-08,0.03352757571,0.05174445313,0.02472309508,0.01448417893,0.00929507353,0.01977765559,0.08333292716,0.09075183363,0.1049707861,0.1239415296,0.1442067257,0.1689209833,0.1638500878
0.0002,0.1626588595,0.01878005552,0.09428178967,0.9057174797,0.256046823,0.04994131403,0.3070310107,2.960316729,0.01312602913,342.640258,1.58925087e-26,1.154347063e-05,0,0.6787536359,0,7.306441273e-07,0,5.698891505e-06,6.829593323e-09,0.03435961722,0.04414474156,0.01704412642,0.0091174789,0.005195387259,0.01878005552,0.08333279177,0.09253654049,0.1082324321,0.1293060255,0.1502168541,0.1794339763,0.1626588595
0.00025,0.1604272185,0.01765394688,0.07651849752,0.9234807319,0.2589189406,0.05262940684,0.3280578404,2.942408848,0.01909593831,369.726738,1.714884712e-26,1.148288156e-05,0,0.7461152296,0,7.705500494e-07,2.220446049e-16,5.686543839e-06,4.045124505e-09,0.03352409197,0.03766120925,0.01199554066,0.006079786665,0.003128014062,0.01765394688,0.08333265638,0.09405909892,0.1105601678,0.1332150864,0.1540706247,0.1878158792,0.1604272185
0.0003,0.1578376845,0.01646093931,0.06350486911,0.9364943319,0.2618313196,0.05513335056,0.3493041015,2.925343306,0.02478503875,344.0895491,1.595973043e-26,1.14251382e-05,0,0.8029978605,0,7.989853549e-07,-1.110223025e-16,5.675298247e-06,2.737650072e-09,0.03215687165,0.03212992153,0.008633264757,0.00426609136,0.002014652146,0.01646093931,0.08333252099,0.09535801102,0.1122599931,0.1361945395,0.1566680882,0.1948434947,0.1578376845
0.00035,0.1550834274,0.01534455541,0.05361438989,0.9463847897,0.2647347799,0.05751854759,0.3708877767,2.909203723,0.03016545435,317.5001999,1.472645018e-26,1.137052408e-05,0,0.8522957773,0,8.204258629e-07,2.220446049e-16,5.664791897e-06,2.06855763e-09,0.03075475475,0.02741102103,0.006358915704,0.003124716587,0.001375181155,0.01534455541,0.0833323856,0.09646612399,0.1135302944,0.1385408525,0.1584949237,0.2009367822,0.1550834274
0.0004,0.1522941984,0.0143231294,0.0458555832,0.9541435795,0.2676070925,0.05981580176,0.3927648091,2.893990087,0.03523718922,295.9599166,1.372735818e-26,1.131903975e-05,0,0.8958579055,0,8.37298735e-07,-1.110223025e-16,5.654836989e-06,1.696283932e-09,0.02930309515,0.02338519142,0.004792178866,0.002370017819,0.0009850656909,0.0143231294,0.08333225022,0.09741146075,0.1145009128,0.1404317803,0.1598272708,0.2063457062,0.1522941984
0.00045,0.1495523268,0.01338315826,0.03960611457,0.9603930344,0.2704351526,0.06203929055,0.4148333354,2.879687875,0.04000508453,277.2256837,1.285841779e-26,1.127063662e-05,0,0.9348830106,0,8.510151437e-07,2.220446049e-16,5.645309935e-06,1.472301232e-09,0.02790878668,0.01995064049,0.003690456544,0.001848126472,0.0007337328136,0.01338315826,0.08333211483,0.09821792844,0.1152578401,0.141980625,0.1608294288,0.2112227704,0.1495523268
0.0005,0.1469099796,0.01250607393,0.03446138273,0.9655377548,0.273209448,0.06419695057,0.4369815498,2.866273561,0.04447698357,259.7104206,1.204601626e-26,1.122523563e-05,0,0.9701688678,0,8.62447139e-07,0,5.636132663e-06,1.136922748e-09,0.02652869875,0.0170205264,0.002898255339,0.001472710547,0.0005638165145,0.01250607393,0.08333197944,0.09890592294,0.1158588564,0.1432638209,0.161603068,0.2156641275,0.1469099796
0.00055,0.1443885119,0.01168587455,0.03015928925,0.9698398386,0.2759225493,0.06629106843,0.4591159475,2.853713174,0.04866421075,243.0007485,1.127098004e-26,1.118272229e-05,0,1.002275038,0,8.721629109e-07,2.220446049e-16,5.62724543e-06,8.949450066e-10,0.02522283778,0.01452076187,0.002315286221,0.001193348367,0.0004440182408,0.01168587455,0.08333184405,0.09949284455,0.1163434579,0.1443355493,0.1622133175,0.2197343134,0.1443885119
0.0006,0.141999573,0.01091599597,0.02651636644,0.973482753,0.2785684972,0.06832299809,0.4811493209,2.841967465,0.05257985087,227.1035651,1.053362907e-26,1.11429642e-05,0,1.031616209,0,8.805500116e-07,2.220446049e-16,5.61860918e-06,7.181702147e-10,0.02395824727,0.01238814093,0.001876342142,0.0009794425919,0.0003564448163,0.01091599597,0.08333170866,0.09999353799,0.1167391793,0.1452358363,0.1627032334,0.2234796844,0.141999573
0.00065,0.1397437237,0.01019488817,0.02340439094,0.9765947212,0.2811425424,0.07029184365,0.5030053716,2.830994109,0.05623801344,212.0588303,9.835816797e-27,1.110581852e-05,0,1.058515561,0,8.878836035e-07,2.220446049e-16,5.610190158e-06,5.849852147e-10,0.02276854057,0.01056874071,0.001538590769,0.0008117457512,0.0002904255373,0.01019488817,0.08333157327,0.1004206677,0.1170656368,0.1459952533,0.1631021378,0.2269357286,0.1397437237
0.0007,0.1376206977,0.009518395986,0.02072557656,0.9792735291,0.2836409052,0.07219735581,0.524611174,2.820750638,0.05965285562,197.8716957,9.177782154e-27,1.107114185e-05,0,1.083234071,0,8.943658474e-07,0,5.601966397e-06,4.82006018e-10,0.02162830883,0.009016558109,0.001273537839,0.0006777333694,0.0002393512514,0.009518395986,0.08333143789,0.100785038,0.11733713,0.1466377726,0.1634305786,0.2301308742,0.1376206977
0.00075,0.1356254538,0.008885129468,0.01840738531,0.9815917145,0.2860606537,0.07403821544,0.5459020661,2.81119489,0.06283843325,184.5210498,8.55854594e-27,1.103879179e-05,0,1.105989292,0,9.001498245e-07,2.220446049e-16,5.593915992e-06,4.006558374e-10,0.02055756475,0.007692346528,0.001061934207,0.00056898964,0.0001989854711,0.008885129468,0.0833313025,0.1010958666,0.1175643262,0.1471825802,0.1637033587,0.2330888265,0.1356254538
0.0008,0.1337539221,0.008291699172,0.0163910702,0.9836080244,0.2883995708,0.0758140927,0.5668177163,2.802286106,0.0658083343,171.9769127,7.976717616e-27,1.100863064e-05,0,1.126966305,0,9.05354309e-07,2.220446049e-16,5.586025683e-06,3.352615936e-10,0.01953732055,0.006562623576,0.0008905397043,0.0004796829864,0.0001665247635,0.008291699172,0.08333116711,0.1013610171,0.1177553631,0.1476452752,0.163931427,0.2358298528,0.1337539221
0.00085,0.1319995273,0.007736665928,0.01463125878,0.9853678311,0.290656085,0.07752403692,0.5873054134,2.793984874,0.06857569681,160.2046884,7.430692527e-27,1.098052525e-05,0,1.14632587,0,9.100734639e-07,2.220446049e-16,5.578280306e-06,2.819562679e-10,0.01858013022,0.005598824463,0.0007500595089,0.0004056518083,0.0001400570728,0.007736665928,0.08333103172,0.1015871984,0.1179165773,0.1480386933,0.1641230831,0.2383717201,0.1319995273
0.0009,0.1303569786,0.007217152319,0.01308963621,0.9869094494,0.2928291872,0.07916806727,0.6073174457,2.786253608,0.07115305111,149.1687798,6.918819596e-27,1.095434857e-05,0,1.164209133,0,9.143831416e-07,2.220446049e-16,5.570671114e-06,2.380263564e-10,0.01767161914,0.004776579745,0.0006338220204,0.0003438423299,0.0001182397921,0.007217152319,0.08333089634,0.1017801339,0.1180529942,0.1483734933,0.1642847595,0.2407301936,0.1303569786
0.00095,0.1288195592,0.006731702878,0.01173578708,0.9882632946,0.2949183801,0.08074579394,0.6268131519,2.779056408,0.07355236502,138.8324538,6.439395045e-27,1.092997927e-05,0,1.180741714,0,9.183453358e-07,2.220446049e-16,5.56318671e-06,2.015137945e-10,0.01681984174,0.004075099148,0.0005369265888,0.0002919550579,0.0001001034048,0.006731702878,0.08333076095,0.1019447064,0.1181686613,0.1486585872,0.1644215393,0.2429194802,0.1288195592
0.001,0.127381768,0.006277828989,0.0105433113,0.9894557667,0.2969236182,0.08225767681,0.6457570666,2.772359262,0.07578497722,129.1593942,5.990734448e-27,1.090730235e-05,0,1.196035948,0,9.220112056e-07,2.220446049e-16,5.555821659e-06,1.70967623e-10,0.01601371182,0.003476645894,0.0004556897661,0.0002482176701,8.492898172e-05,0.006277828989,0.08333062556,0.1020850817,0.1182668813,0.1489014649,0.1645375056,0.2449524397,0.127381768
0.00105,0.126037258,0.005854100353,0.009490876675,0.9905081979,0.2988452634,0.08370388717,0.6641201858,2.766129901,0.07786164488,120.1135637,5.571166292e-27,1.088620871e-05,0,1.210193238,0,9.254233576e-07,2.220446049e-16,5.548566879e-06,1.452858893e-10,0.01525842882,0.002966088225,0.0003872818872,0.0002112360373,7.217017208e-05,0.005854100353,0.08333049018,0.1022048136,0.1183503771,0.1491084456,0.1646359831,0.2468408302,0.126037258
0.0011,0.1247807304,0.005458348863,0.008559648157,0.9914394232,0.3006840372,0.08508530208,0.6818785388,2.760337872,0.07979252045,111.6600468,5.179071119e-27,1.086659537e-05,0,1.223305238,0,9.286174749e-07,2.220446049e-16,5.54141904e-06,1.236130088e-10,0.01454526576,0.002530516807,0.0003294855675,0.0001798943808,6.14025383e-05,0.005458348863,0.08333035479,0.1023069341,0.1184214121,0.1492848763,0.1647197087,0.2485954068,0.1247807304
0.00115,0.1236063848,0.005089202328,0.007734230237,0.9922648381,0.3024409802,0.08640258745,0.6990139511,2.754954403,0.08158719507,103.764898,4.812874453e-27,1.084836501e-05,0,1.235455388,0,9.316236307e-07,2.220446049e-16,5.534370997e-06,1.052717956e-10,0.01387752916,0.002158918314,0.000280532768,0.0001532868404,5.228998641e-05,0.005089202328,0.08333021941,0.1023940298,0.1184818799,0.1494352906,0.1647909547,0.2502260789,0.1236063848
0.0012,0.122509293,0.004744767565,0.00700088892,0.9929981766,0.304117412,0.08765697289,0.715512846,2.749952412,0.08325469721,96.39556336,4.471066355e-27,1.083142604e-05,0,1.246719596,0,9.344672061e-07,4.440892099e-16,5.527420404e-06,8.971750239e-11,0.01324825998,0.001841896962,0.0002389928916,0.00013066945,4.456205231e-05,0.004744767565,0.08333008402,0.1024683074,0.1185333722,0.1495635392,0.1648516204,0.2517419604,0.122509293
0.00125,0.1214842443,0.00442375145,0.006348306536,0.9936507563,0.3057148943,0.08884953077,0.7313666995,2.745306391,0.08480353064,89.52074119,4.152194977e-27,1.081569216e-05,0,1.257167338,0,9.371697437e-07,4.440892099e-16,5.520561341e-06,7.650604615e-11,0.01265946398,0.001571436936,0.0002036943554,0.0001114256079,3.79981872e-05,0.00442375145,0.08332994864,0.1025316494,0.1185772326,0.1496728959,0.1649033016,0.2531514839,0.1214842443
0.0013,0.1205267424,0.004124500194,0.005766325568,0.9942327347,0.3072351977,0.08998176719,0.746570972,2.740992374,0.08624168427,83.1105919,3.854876285e-27,1.08010823e-05,0,1.266862085,0,9.397495242e-07,2.220446049e-16,5.513792717e-06,6.527151809e-11,0.0121055435,0.001340699716,0.0001736683976,9.504063309e-05,3.24166272e-05,0.004124500194,0.08332981325,0.1025856621,0.1186145975,0.1497661471,0.164947344,0.2544624284,0.1205267424
0.00135,0.1196321553,0.003845810659,0.005246518585,0.9947525392,0.3086802674,0.09105507034,0.7611253858,2.736987844,0.08757666547,77.13662054,3.577788612e-27,1.078752026e-05,0,1.275862139,0,9.422221208e-07,4.440892099e-16,5.507109381e-06,5.570987702e-11,0.0115875853,0.001143851164,0.0001481078742,8.108257127e-05,2.766631697e-05,0.003845810659,0.08332967787,0.1026317156,0.1186464311,0.1498456655,0.1649848861,0.2556820078,0.1196321553
0.0014,0.1187964296,0.003586240056,0.004781298708,0.9952177567,0.3100521968,0.09207114677,0.7750329458,2.733271677,0.08881551532,71.57177218,3.319677083e-27,1.077493456e-05,0,1.28422092,0,9.446007839e-07,2.220446049e-16,5.500510819e-06,4.75668375e-11,0.01110107315,0.0009759140069,0.0001263363458,6.918739256e-05,2.362090703e-05,0.003586240056,0.08332954248,0.1026709789,0.1186735518,0.1499134727,0.1650168929,0.2568168883,0.1187964296
0.00145,0.1180154774,0.003344679548,0.004364327446,0.9956347257,0.3113531964,0.09303161552,0.7883001246,2.729824064,0.08996483804,66.39033399,3.079349072e-27,1.076325818e-05,0,1.291987623,0,9.468968452e-07,2.220446049e-16,5.493992703e-06,4.062866379e-11,0.01064642092,0.0008326419926,0.0001077843674,5.904734976e-05,2.017418836e-05,0.003344679548,0.0833294071,0.1027044493,0.1186966558,0.1499712916,0.165044184,0.2578732605,0.1180154774
0.0015,0.1172856749,0.003119872644,0.003989894312,0.9960091566,0.3125855724,0.0939383142,0.8009359566,2.726626452,0.09103081861,61.56796663,2.855675661e-27,1.075242831e-05,0,1.299207414,0,9.491199651e-07,2.220446049e-16,5.487555084e-06,3.471502258e-11,0.01021998754,0.0007104125201,9.197093625e-05,5.040166563e-05,1.723654601e-05,0.003119872644,0.08332927171,0.1027329776,0.1187163354,0.1500205911,0.1650674561,0.2588568498,0.1172856749
0.00155,0.1166034339,0.002910805393,0.003653190285,0.9963458584,0.3137517002,0.09479301646,0.8129521855,2.723661467,0.09201924894,57.08162095,2.647587773e-27,1.074238616e-05,0,1.30592197,0,9.512784071e-07,2.220446049e-16,5.481193739e-06,2.967332866e-11,0.00982170012,0.0006061350447,7.848871787e-05,4.302897678e-05,1.473215234e-05,0.002910805393,0.08332913633,0.1027572896,0.1187330953,0.1500626234,0.1650873019,0.2597729779,0.1166034339
0.0016,0.1159655344,0.002716386426,0.003349889306,0.9966491573,0.3148540069,0.09559762995,0.8243624316,2.720912859,0.09293554613,52.90953435,2.454076003e-27,1.073307673e-05,0,1.312169615,0,9.533792336e-07,2.220446049e-16,5.4749091e-06,2.537419946e-11,0.009448638639,0.0005171729339,6.699210426e-05,3.674113156e-05,1.259670978e-05,0.002716386426,0.08332900095,0.1027780047,0.1187473651,0.1500984567,0.1651042265,0.2606265689,0.1159655344
0.00165,0.1153688418,0.002535693501,0.003076311408,0.9969227332,0.3158949495,0.09635401802,0.8351823293,2.718365432,0.0937847759,49.03115714,2.274187207e-27,1.072444857e-05,0,1.317985764,0,9.554285104e-07,2.220446049e-16,5.468697625e-06,2.170775189e-11,0.009100371564,0.0004412768007,5.71874425e-05,3.137805239e-05,1.07756114e-05,0.002535693501,0.08332886556,0.102795651,0.1187595113,0.1501290019,0.1651186597,0.2614222018,0.1153688418
0.0017,0.1148105082,0.002367781372,0.002829159835,0.9971698827,0.3168770011,0.09706410703,0.8454287726,2.716004992,0.09457167048,45.42712854,2.107023383e-27,1.071645364e-05,0,1.323403016,0,9.574314145e-07,4.440892099e-16,5.462559771e-06,1.8580553e-11,0.008774583246,0.0003765276285,4.882496038e-05,2.680344912e-05,9.222425848e-06,0.002367781372,0.08332873018,0.1028106793,0.1187698461,0.150155036,0.1651309683,0.2621641147,0.1148105082
0.00175,0.1142878059,0.002211815366,0.002605594519,0.9973934461,0.3178026322,0.09772979533,0.8551200593,2.71381828,0.09530064963,42.07921024,1.951738592e-27,1.070904704e-05,0,1.328451533,0,9.593924035e-07,2.220446049e-16,5.456492234e-06,1.591308741e-11,0.008470577817,0.0003212882489,4.16920426e-05,2.290122266e-05,7.897638939e-06,0.002211815366,0.0833285948,0.1028234742,0.1187786357,0.1501772216,0.1651414645,0.2628562494,0.1142878059
0.0018,0.1137982262,0.00206697903,0.002403088611,0.9975959501,0.3186743016,0.09835298648,0.8642752155,2.711792925,0.0959758376,38.97025125,1.80753733e-27,1.07021869e-05,0,1.333159104,0,9.613152982e-07,2.220446049e-16,5.450495865e-06,1.363764014e-11,0.008186541119,0.0002741619468,3.560759813e-05,1.957243491e-05,6.767601406e-06,0.00206697903,0.08332845941,0.1028343636,0.1187861073,0.1501961241,0.165150415,0.2635022544,0.1137982262
0.00185,0.1133394038,0.001932519783,0.00221943064,0.9977796062,0.3194944409,0.09893556965,0.8729141528,2.709917385,0.09660108195,36.08412781,1.673671735e-27,1.069583414e-05,0,1.337551459,0,9.632033947e-07,0,5.44456747e-06,1.169651756e-11,0.007921582978,0.0002339571442,3.041731984e-05,1.673274772e-05,5.803644727e-06,0.001932519783,0.08332832403,0.1028436274,0.1187924546,0.1502122258,0.1651580468,0.2641055238,0.1133394038
0.0019,0.1129091355,0.001807735169,0.00205267371,0.9979463612,0.3202654472,0.09947939242,0.8810570732,2.708180902,0.09717996929,33.40570385,1.54943976e-27,1.068995234e-05,0,1.341652318,0,9.650595094e-07,2.220446049e-16,5.438707725e-06,1.004054676e-11,0.007674319305,0.0001996572717,2.598968137e-05,1.4310253e-05,4.981335252e-06,0.001807735169,0.08332818865,0.1028515043,0.1187978427,0.1502259381,0.1651645537,0.2646691983,0.1129091355
0.00195,0.1125053766,0.0016919487,0.001901079787,0.9980979533,0.3209896723,0.09998630019,0.888724639,2.706573449,0.09771584221,30.92077536,1.434182586e-27,1.068450753e-05,0,1.345483661,0,9.668860963e-07,2.220446049e-16,5.432913862e-06,8.627806164e-12,0.007443719253,0.0001703950647,2.221254771e-05,1.224363112e-05,4.279843205e-06,0.0016919487,0.08332805327,0.1028581981,0.1188024126,0.1502376119,0.165170101,0.2651961999,0.1125053766
0.002,0.1121261974,0.001584557877,0.001763140805,0.9982358905,0.3216694173,0.10045806,0.8959374555,2.705085688,0.09821181364,28.61602838,1.32728268e-27,1.067946811e-05,0,1.349065758,0,9.686852477e-07,2.220446049e-16,5.427186596e-06,7.422549167e-12,0.007228767864,0.000145430635,1.899029968e-05,1.048058562e-05,3.681407709e-06,0.001584557877,0.08332791788,0.1028638825,0.1188062844,0.1502475467,0.1651748297,0.2656892319,0.1121261974
0.00205,0.1117698361,0.001484956049,0.001637477597,0.9983615519,0.3223069242,0.1008964473,0.9027162502,2.703708925,0.09867078204,26.47898905,1.228161473e-27,1.067480463e-05,0,1.352417398,0,9.704588086e-07,0,5.421523502e-06,6.394290245e-12,0.007028334081,0.0001241327626,1.624139106e-05,8.976511633e-06,3.170882489e-06,0.001484956049,0.0833277825,0.1028687058,0.1188095607,0.1502559978,0.16517886,0.266150809,0.1117698361
0.0021,0.1114346059,0.001392628373,0.001522916291,0.9984761115,0.3229043732,0.1013031309,0.9090814301,2.702435069,0.09909544437,24.49798207,1.136277434e-27,1.06704897e-05,0,1.355555914,0,9.722083444e-07,2.220446049e-16,5.415925094e-06,5.517027859e-12,0.00684170187,0.0001059629355,1.389627076e-05,7.693362242e-06,2.735349619e-06,0.001392628373,0.08332764712,0.1028727944,0.118812329,0.1502631833,0.1651822946,0.2665832571,0.1114346059
0.00215,0.1111189925,0.001307032461,0.001418352282,0.9985806738,0.3234638761,0.101679797,0.9150532659,2.701256595,0.09948830951,22.66208361,1.05112389e-27,1.066649783e-05,0,1.358497382,0,9.739352394e-07,0,5.410388915e-06,4.768583191e-12,0.006667679161,9.046173373e-05,1.189561433e-05,6.598682769e-06,2.363790832e-06,0.001307032461,0.08332751174,0.1028762562,0.1188146639,0.1502692889,0.1651852209,0.2669887396,0.1111189925
0.0022,0.1108215245,0.001227729996,0.001322867622,0.9986761567,0.3239874753,0.1020280047,0.9206515173,2.700166506,0.09985171001,20.9610818,9.722271889e-28,1.066280532e-05,0,1.361256628,0,9.756406754e-07,0,5.404915735e-06,4.130037027e-12,0.006505815835,7.7237213e-05,1.018881761e-05,5.664787872e-06,2.046807632e-06,0.001227729996,0.08332737636,0.1028791834,0.118816629,0.1502744733,0.1651877136,0.2673692566,0.1108215245
0.00225,0.1105409038,0.001154236425,0.001235568575,0.9987634541,0.3244771397,0.1023493384,0.9258956174,2.699158298,0.1001878142,19.38543532,8.991447804e-28,1.065939016e-05,0,1.363847407,0,9.773257194e-07,2.220446049e-16,5.39950338e-06,3.585250003e-12,0.006354879957,6.595499426e-05,8.732713318e-06,4.868060068e-06,1.776382833e-06,0.001154236425,0.08332724098,0.1028816544,0.1188182787,0.1502788718,0.1651898363,0.2677266681,0.1105409038
0.0023,0.1102758488,0.001086180194,0.00115573451,0.9988432865,0.3249347648,0.1026452408,0.9308043592,2.698225927,0.1004986363,17.92623583,8.314634728e-28,1.065623187e-05,0,1.366282408,0,9.789912701e-07,2.220446049e-16,5.39415234e-06,3.120453716e-12,0.006214628835,5.632980915e-05,7.490477079e-06,4.188351665e-06,1.545677339e-06,0.001086180194,0.0833271056,0.1028837362,0.1188196592,0.1502825998,0.1651916435,0.2680626934,0.1102758488
0.00235,0.1100252493,0.001023129628,0.001082635941,0.9989163834,0.3253621693,0.1029171866,0.9353960773,2.697363783,0.1007860474,16.57516847,7.68797603e-28,1.065331144e-05,0,1.368573402,0,9.806381432e-07,2.220446049e-16,5.388860372e-06,2.723902135e-12,0.006083819559,4.811828704e-05,6.430694763e-06,3.608474747e-06,1.348856893e-06,0.001023129628,0.08332697022,0.1028854859,0.1188208102,0.1502857558,0.1651931814,0.2683789305,0.1100252493
0.0024,0.1097879903,0.0009647708691,0.001015704948,0.9989833128,0.3257610977,0.1031664996,0.939688388,2.696566654,0.1010517844,15.32447867,7.107874946e-28,1.065061124e-05,0,1.370731247,0,9.822670373e-07,0,5.383628373e-06,2.385574374e-12,0.00596239529,4.111280147e-05,5.526567207e-06,3.113766232e-06,1.180944357e-06,0.0009647708691,0.08332683484,0.1028869525,0.1188217653,0.1502884238,0.1651944897,0.2686768563,0.1097879903
0.00245,0.109563125,0.000910719396,0.0009543402589,0.9990446759,0.3261332173,0.1033945417,0.9436983625,2.695829704,0.1012974596,14.16693698,6.570978275e-28,1.064811488e-05,0,1.372766017,0,9.838786007e-07,0,5.378454066e-06,2.096921201e-12,0.005849110012,3.513622032e-05,4.75523199e-06,2.691716883e-06,1.03769374e-06,0.000910719396,0.08332669946,0.1028881773,0.1188225533,0.1502906755,0.165195602,0.2689578432,0.109563125
0.0025,0.1093496844,0.0008607116,0.0008980933497,0.9991009212,0.3264801214,0.1036025183,0.9474423165,2.695148447,0.1015245689,13.09580732,6.074161657e-28,1.064580717e-05,0,1.374687002,0,9.854733779e-07,0,5.373338188e-06,1.850648842e-12,0.005744046632,3.00374271e-05,4.097184974e-06,2.331654876e-06,9.154827584e-07,0.0008607116,0.08332656408,0.1028891961,0.1188231988,0.150292572,0.1651965471,0.2692231587,0.1093496844
0.00255,0.1091468623,0.0008144058022,0.0008464647862,0.9991525482,0.3268033278,0.1037916776,0.9509359723,2.694518719,0.1017344997,12.10481631,5.614515343e-28,1.0643674e-05,0,1.376502822,0,9.870518714e-07,0,5.368278487e-06,1.640534572e-12,0.005645986321,2.568749998e-05,3.535786898e-06,2.024475877e-06,8.112211944e-07,0.0008144058022,0.0833264287,0.1028900389,0.1188237226,0.1502941655,0.1651973496,0.2694739806,0.1091468623
0.0026,0.1089538177,0.0007715809878,0.0007990989679,0.9991999124,0.3271042826,0.1039631105,0.9541942881,2.693936662,0.1019285387,11.1881242,5.189330706e-28,1.06417023e-05,0,1.378221425,0,9.886145396e-07,0,5.363276059e-06,1.461269406e-12,0.005555127817,2.197645206e-05,3.056842511e-06,1.76241278e-06,7.222727326e-07,0.0007715809878,0.08332629332,0.1028907317,0.1188241427,0.1502955005,0.1651980304,0.2697113961,0.1089538177
0.00265,0.1087698658,0.000731933791,0.0007555777104,0.9992434321,0.3273843588,0.1041179538,0.95723161,2.693398698,0.1021078784,10.34029664,4.796087161e-28,1.063987997e-05,0,1.379850185,0,9.90161784e-07,2.220446049e-16,5.358328435e-06,1.308323908e-12,0.005470270037,1.881045034e-05,2.648241545e-06,1.538839286e-06,6.463882792e-07,0.000731933791,0.08332615794,0.1028912965,0.1188244742,0.150296615,0.1651986074,0.2699364153,0.1087698658
0.0027,0.1085942766,0.0006952806857,0.0007156195327,0.9992833888,0.3276448608,0.1042571879,0.9600615349,2.692901513,0.1022736241,9.556280442,4.432440921e-28,1.063819576e-05,0,1.381395899,0,9.916939605e-07,0,5.353436491e-06,1.177833708e-12,0.005391715427,1.610944319e-05,2.299652454e-06,1.348102335e-06,5.816490822e-07,0.0006952806857,0.08332602256,0.102891752,0.1188247303,0.1502975412,0.1651990958,0.2701499702,0.1085942766
0.00275,0.1084264704,0.0006613517257,0.0006788709204,0.9993201359,0.3278870243,0.1043818431,0.962697049,2.692442033,0.1024268,8.831376859,4.096212581e-28,1.063663928e-05,0,1.382864873,0,9.932114281e-07,0,5.348598364e-06,1.066501846e-12,0.005318298966,1.380513627e-05,2.002261144e-06,1.185379155e-06,5.264182083e-07,0.0006613517257,0.08332588718,0.1028921144,0.1188249219,0.150298307,0.1651995087,0.2703529262,0.1084264704
0.0028,0.1082658138,0.0006299953166,0.0006451089849,0.9993538963,0.3281120196,0.1044927957,0.9651504208,2.692017413,0.1025683543,8.161219173,3.785376753e-28,1.063520088e-05,0,1.384262918,0,9.947144759e-07,0,5.343814573e-06,9.715154476e-13,0.005250384107,1.183926573e-05,1.748548085e-06,1.046555311e-06,4.792991483e-07,0.0006299953166,0.0833257518,0.1028923974,0.1188250585,0.1502989359,0.1651998572,0.2705460818,0.1082658138
0.00285,0.1081118162,0.0006009723155,0.0006140337598,0.99938497,0.3283209526,0.1045909739,0.9674333256,2.69162502,0.1026991656,7.541751833,3.498052369e-28,1.063387165e-05,0,1.385595426,0,9.962033898e-07,0,5.339083127e-06,8.904746468e-13,0.005186860327,1.016212497e-05,1.532098168e-06,9.281206654e-07,4.391005038e-07,0.0006009723155,0.08332561642,0.1028926125,0.1188251483,0.1502994479,0.1652001506,0.2707301781,0.1081118162
0.0029,0.1079639293,0.0005741575424,0.0005854681753,0.9994135341,0.328514869,0.1046771578,0.9695567624,2.691262413,0.102820047,6.969207918,3.232492239e-28,1.063264332e-05,0,1.386867362,0,9.97678441e-07,0,5.334405009e-06,8.213319387e-13,0.005128143148,8.731307895e-06,1.347438489e-06,8.270806247e-07,4.048058607e-07,0.0005741575424,0.08332548105,0.1028927697,0.1188251981,0.1502998602,0.1652003972,0.2709058986,0.1079639293
0.00295,0.1078217389,0.0005493391509,0.000559156116,0.9994398447,0.3286947539,0.1047521797,0.9715311654,2.690927335,0.1029317511,6.440090725,2.987074504e-28,1.063150824e-05,0,1.388083333,0,9.991398698e-07,0,5.329777981e-06,7.62340443e-13,0.005073161503,7.510636631e-06,1.189899963e-06,7.408804169e-07,3.755480884e-07,0.0005493391509,0.08332534567,0.1028928776,0.1188252137,0.1503001875,0.1652006037,0.2710738776,0.1078217389
0.003,0.1076847694,0.0005264152292,0.0005349579032,0.9994640415,0.328861537,0.10481673,0.9733663409,2.690617697,0.1030349745,5.951156365,2.760294568e-28,1.063045933e-05,0,1.389247582,0,1.000587896e-06,-1.110223025e-16,5.32520294e-06,7.120097636e-13,0.005022379693,6.469246797e-06,1.055499267e-06,6.673404943e-07,3.505874139e-07,0.0005264152292,0.08332521029,0.1028929434,0.1188252002,0.1503004423,0.1652007761,0.2712346998,0.1076847694
0.00305,0.1075526726,0.0005051975288,0.0005126530682,0.9994863449,0.3290160929,0.1048715528,0.9750715652,2.690331565,0.1031303616,5.499394417,2.550756123e-28,1.062949005e-05,0,1.390364044,0,1.002022753e-06,0,5.320677942e-06,6.690683286e-13,0.004974777896,5.580807102e-06,9.408381117e-07,6.046014231e-07,3.292927161e-07,0.0005051975288,0.08332507491,0.1028929733,0.1188251619,0.1503006352,0.1652009193,0.2713889077,0.1075526726
0.0031,0.1074250362,0.000485603771,0.0004921318443,0.9995068647,0.3291592448,0.1049172566,0.9766555383,2.690067152,0.1032185084,5.082013786,2.35716459e-28,1.062859435e-05,0,1.391436342,0,1.003444628e-06,2.220446049e-16,5.316203646e-06,6.324312613e-13,0.004930836752,4.822853566e-06,8.430173241e-07,5.510768675e-07,3.111255676e-07,0.000485603771,0.08332493954,0.1028929725,0.1188251024,0.1503007753,0.1652010377,0.2715370011,0.1074250362
0.00315,0.1073015676,0.0004674671868,0.000473204012,0.9995257911,0.3292917657,0.1049545035,0.9781264696,2.689822804,0.1032999662,4.696427496,2.178320063e-28,1.062776661e-05,0,1.392467835,0,1.004853723e-06,2.220446049e-16,5.311778359e-06,6.011729687e-13,0.004889599862,4.176221523e-06,7.59563536e-07,5.054134793e-07,2.956266211e-07,0.0004674671868,0.08332480416,0.1028929456,0.1188250248,0.1503008703,0.1652011349,0.2716794438,0.1073015676
0.0032,0.1071819098,0.0004507216188,0.0004557834072,0.9995432103,0.3294143822,0.1049838279,0.9794920441,2.689596991,0.1033752448,4.340236698,2.013109898e-28,1.062700166e-05,0,1.393461616,0,1.006250219e-06,0,5.307402576e-06,5.745037539e-13,0.004851547735,3.624561043e-06,6.88366647e-07,4.664566785e-07,2.82403994e-07,0.0004507216188,0.08332466878,0.1028928963,0.1188249317,0.1503009269,0.165201214,0.2718166628,0.1071819098
0.00325,0.1070658172,0.0004352195618,0.0004397054566,0.9995592869,0.3295277753,0.1050058171,0.9807594974,2.689388301,0.1034448153,4.011219716,1.860503626e-28,1.062629471e-05,0,1.394420553,0,1.00763429e-06,2.220446049e-16,5.303074509e-06,5.51749864e-13,0.004815776139,3.153923533e-06,6.2762647e-07,4.332214598e-07,2.711233603e-07,0.0004352195618,0.08332453341,0.1028928281,0.1188248256,0.1503009507,0.1652012777,0.2719490542,0.1070658172
0.0033,0.1069529808,0.0004209082725,0.0004249028558,0.9995740881,0.3296325841,0.1050209385,0.981935592,2.689195427,0.1035091135,3.707318944,1.719546877e-28,1.062564134e-05,0,1.395347283,0,1.00900611e-06,2.220446049e-16,5.298795117e-06,5.323364659e-13,0.004782777054,2.752409046e-06,5.758072141e-07,4.048674871e-07,2.614994969e-07,0.0004209082725,0.08332439803,0.1028927436,0.1188247082,0.1503009466,0.1652013282,0.2720769828,0.1069529808
0.00335,0.1068431952,0.0004076571534,0.0004112325844,0.999587757,0.3297294064,0.1050297116,0.9830266821,2.68901716,0.1035685418,3.426627876,1.589355368e-28,1.062503745e-05,0,1.396244254,0,1.010365841e-06,4.440892099e-16,5.294562287e-06,5.157731235e-13,0.004751695084,2.409865398e-06,5.31598652e-07,3.806778456e-07,2.532890718e-07,0.0004076571534,0.08332426265,0.1028926453,0.1188245812,0.1503009186,0.1652013675,0.2722007867,0.1068431952
0.0034,0.1067361921,0.0003954252234,0.0003986430632,0.9996003452,0.3298188025,0.1050325435,0.9840386983,2.688852386,0.1036234723,3.167382586,1.469110944e-28,1.062447927e-05,0,1.397113716,0,1.011713629e-06,2.220446049e-16,5.290376763e-06,5.016414057e-13,0.004723027183,2.117631467e-06,4.938829913e-07,3.600409144e-07,2.462844915e-07,0.0003954252234,0.08332412728,0.1028925351,0.118824446,0.1503008702,0.1652013972,0.2723207773,0.1067361921
0.00345,0.1066318008,0.0003840963197,0.000387009088,0.9996119779,0.3299012963,0.1050298928,0.9849772025,2.688700072,0.1036742487,2.927950111,1.358056198e-28,1.06239633e-05,0,1.397957754,0,1.013049646e-06,2.220446049e-16,5.286237073e-06,4.895843145e-13,0.004695974897,1.8683182e-06,4.617066114e-07,3.424349027e-07,2.403086519e-07,0.0003840963197,0.0833239919,0.1028924149,0.1188243039,0.1503008045,0.1652014187,0.2724372432,0.1066318008
0.0035,0.1065297885,0.0003736390791,0.000376291582,0.999622694,0.3299773773,0.1050221129,0.9858473796,2.688559267,0.1037211884,2.70681907,1.255490113e-28,1.062348632e-05,0,1.398778288,0,1.014374024e-06,2.220446049e-16,5.282143567e-06,4.792972658e-13,0.004671018434,1.655621785e-06,4.342559508e-07,3.274146553e-07,2.352104607e-07,0.0003736390791,0.08332385653,0.102892286,0.1188241558,0.1503007239,0.1652014333,0.2725504499,0.1065297885
0.00355,0.1064300129,0.0003639509905,0.0003663814531,0.9996326029,0.3300475027,0.105009607,0.9866540846,2.688429092,0.1037645848,2.502592038,1.160764528e-28,1.062304534e-05,0,1.399577096,0,1.015686907e-06,2.220446049e-16,5.278094649e-06,4.705203933e-13,0.004647421499,1.47416426e-06,4.108369373e-07,3.146003977e-07,2.308610165e-07,0.0003639509905,0.08332372115,0.1028921499,0.1188240027,0.1503006308,0.1652014419,0.2726606436,0.1064300129
0.0036,0.1063322727,0.0003550079123,0.0003572489458,0.9996417341,0.3301121,0.1049926815,0.9874018377,2.688308733,0.1038047086,2.313975754,1.073279597e-28,1.062263761e-05,0,1.400355814,0,1.016988444e-06,0,5.274091072e-06,4.630319837e-13,0.004625650918,1.319357528e-06,3.908574377e-07,3.036681336e-07,2.271503499e-07,0.0003550079123,0.08332358578,0.1028920074,0.1188238452,0.1503005268,0.1652014454,0.2727680508,0.1063322727
0.00365,0.1062364493,0.0003467193221,0.0003487987478,0.999650183,0.330171567,0.1049716901,0.9880948654,2.68819744,0.1038418101,2.139774511,9.924807212e-29,1.06222606e-05,0,1.401115956,0,1.018278765e-06,0,5.270131009e-06,4.566428745e-13,0.004605013571,1.187287355e-06,3.738122862e-07,2.94341452e-07,2.239846428e-07,0.0003467193221,0.0833234504,0.1028918597,0.1188236841,0.1503004136,0.1652014446,0.2728728813,0.1062364493
0.0037,0.1061423682,0.0003390676163,0.0003410091696,0.9996579713,0.3302262756,0.1049468973,0.9887370993,2.68809452,0.1038761202,1.978883601,9.178555092e-29,1.062191196e-05,0,1.401858917,0,1.019558002e-06,2.220446049e-16,5.266215283e-06,4.511916752e-13,0.004585970085,1.074614393e-06,3.592705115e-07,2.86384539e-07,2.212838562e-07,0.0003390676163,0.08332331503,0.1028917073,0.1188235197,0.1503002926,0.1652014401,0.2729753283,0.1061423682
0.00375,0.1060499315,0.0003319724017,0.0003337963318,0.9996651828,0.3302765717,0.1049186131,0.9893322098,2.687999334,0.1039078521,1.830280599,8.489297349e-29,1.062158951e-05,0,1.402585987,0,1.020826291e-06,0,5.262342092e-06,4.4654069e-13,0.004567872522,9.784897487e-07,3.468644393e-07,2.795962151e-07,2.189797069e-07,0.0003319724017,0.08332317965,0.1028915511,0.1188233527,0.1503001649,0.1652014324,0.2730755705,0.1060499315
0.0038,0.1059589874,0.0003254214812,0.0003271450634,0.9996718329,0.3303227777,0.1048870648,0.9898836089,2.687911292,0.1039372026,1.693021407,7.852655027e-29,1.062129126e-05,0,1.403298354,0,1.022083752e-06,0,5.258512084e-06,4.425724386e-13,0.004551159461,8.964829504e-07,3.362803963e-07,2.738048479e-07,2.1701394e-07,0.0003254214812,0.08332304428,0.1028913916,0.1188231835,0.1503000315,0.1652014221,0.2731737726,0.1059589874
0.00385,0.1058694553,0.000319343527,0.0003209814991,0.9996779952,0.3303651939,0.1048525239,0.9903944775,2.687829847,0.1039643537,1.566234063,7.264583741e-29,1.062101536e-05,0,1.403997117,0,1.02333052e-06,0,5.254723915e-06,4.391866886e-13,0.004535238638,8.265204919e-07,3.272507789e-07,2.688640134e-07,2.15336857e-07,0.000319343527,0.08332290891,0.1028912292,0.1188230122,0.1502998932,0.1652014094,0.2732700869,0.1058694553
0.0039,0.1057812035,0.0003137304858,0.0003152954213,0.99968368,0.3304040995,0.1048151853,0.9908677706,2.687754497,0.1039894728,1.449111752,6.721341285e-29,1.06207601e-05,0,1.404683287,0,1.02456671e-06,2.220446049e-16,5.250977879e-06,4.362979231e-13,0.004520519706,7.668334058e-07,3.195472866e-07,2.646487925e-07,2.139060585e-07,0.0003137304858,0.08332277353,0.1028910645,0.1188228393,0.1502997507,0.1652013948,0.2733646536,0.1057812035
0.00395,0.1056941654,0.0003085195368,0.0003100221625,0.999688952,0.330439754,0.1047752857,0.9913062395,2.687684778,0.1040127149,1.340910246,6.219475749e-29,1.062052392e-05,0,1.405357801,0,1.025792444e-06,0,5.2472725e-06,4.338331799e-13,0.004506459479,7.159125353e-07,3.129751496e-07,2.610526136e-07,2.126853724e-07,0.0003085195368,0.08332263816,0.1028908977,0.1188226649,0.1502996047,0.1652013786,0.2734576026,0.1056941654
0.004,0.1056082271,0.0003037054972,0.0003051549643,0.999693818,0.3304723993,0.1047329925,0.9917124389,2.687620261,0.104034223,1.240942166,5.755798892e-29,1.062030537e-05,0,1.40602152,0,1.027007846e-06,2.220446049e-16,5.243608634e-06,4.317302089e-13,0.004493448746,6.724703752e-07,3.073682044e-07,2.579845572e-07,2.116439392e-07,0.0003037054972,0.08332250279,0.1028907291,0.1188224894,0.1502994557,0.1652013609,0.2735490531,0.1056082271
0.00405,0.1055233337,0.0002992329253,0.000300637041,0.9996983347,0.3305022593,0.1046885116,0.9920887444,2.687560549,0.1040541288,1.148571864,5.327362418e-29,1.062010309e-05,0,1.40667524,0,1.028213031e-06,2.220446049e-16,5.239984455e-06,4.299358989e-13,0.00448097921,6.354085177e-07,3.025846921e-07,2.553670572e-07,2.107554318e-07,0.0002992329253,0.08332236741,0.102890559,0.1188223128,0.1502993041,0.165201342,0.2736391158,0.1055233337
0.0041,0.1054393859,0.000295099642,0.0002964650669,0.9997025055,0.3305295424,0.1046419859,0.9924373608,2.687505279,0.104072554,1.063213566,4.931449373e-29,1.061991586e-05,0,1.407319696,0,1.029408104e-06,0,5.236400578e-06,4.284049359e-13,0.004469425473,6.037898799e-07,2.985036741e-07,2.531339399e-07,2.099973899e-07,0.000295099642,0.08332223204,0.1028903876,0.1188221353,0.1502991503,0.165201322,0.2737278924,0.1054393859
0.00415,0.1053563394,0.0002912560482,0.0002925884646,0.9997063809,0.3305544422,0.1045935949,0.9927603362,2.687454114,0.104089611,0.9843260328,4.565549341e-29,1.061974253e-05,0,1.407955564,0,1.030593196e-06,0,5.232855816e-06,4.270986588e-13,0.004458321709,5.76815009e-07,2.95021974e-07,2.512287505e-07,2.093506517e-07,0.0002912560482,0.08332209667,0.1028902152,0.1188219571,0.1502989946,0.1652013012,0.2738154769,0.1053563394
0.0042,0.1052741077,0.0002877021738,0.0002890064294,0.9997099618,0.3305771382,0.1045434601,0.9930595705,2.687406741,0.1041054035,0.9114091063,4.227342472e-29,1.061958205e-05,0,1.408583471,0,1.031768406e-06,2.220446049e-16,5.229350405e-06,4.259840819e-13,0.004448009549,5.538018693e-07,2.920515694e-07,2.496033257e-07,2.087988699e-07,0.0002877021738,0.0833219613,0.1028900418,0.1188217782,0.1502988373,0.1652012796,0.2739019559,0.1052741077
0.00425,0.1051926543,0.0002843945271,0.0002856747577,0.9997132923,0.3305977965,0.1044917374,0.9933368271,2.687362875,0.1041200269,0.8440022984,3.914692905e-29,1.061943345e-05,0,1.409203992,0,1.032933842e-06,2.220446049e-16,5.225882993e-06,4.250330626e-13,0.004438071336,5.341685962e-07,2.895173656e-07,2.482165763e-07,2.083280982e-07,0.0002843945271,0.08332182592,0.1028898676,0.1188215988,0.1502986786,0.1652012574,0.2739874097,0.1051926543
0.0043,0.1051119046,0.0002813340602,0.0002825937942,0.9997163721,0.330616572,0.1044385305,0.9935937409,2.687322251,0.1041335698,0.7816799217,3.625626197e-29,1.061929584e-05,0,1.409817661,0,1.034089624e-06,2.220446049e-16,5.22245431e-06,4.242215895e-13,0.004428824965,5.174187845e-07,2.873552973e-07,2.470334477e-07,2.079264386e-07,0.0002813340602,0.08332169055,0.1028896928,0.1188214189,0.1502985188,0.1652012346,0.2740719119,0.1051119046
0.00435,0.1050318288,0.0002784825518,0.0002797247992,0.99971924,0.3306336074,0.1043839744,0.9938318278,2.687284624,0.1041461133,0.724048799,3.358318694e-29,1.061916837e-05,0,1.410424967,0,1.035235852e-06,0,5.219062732e-06,4.235291766e-13,0.00441988012,5.031289365e-07,2.855107084e-07,2.460240337e-07,2.075837404e-07,0.0002784825518,0.08332155518,0.1028895173,0.1188212386,0.150298358,0.1652012114,0.2741555307,0.1050318288
0.0044,0.1049523616,0.0002758424453,0.0002770697742,0.9997218939,0.3306490356,0.1043281568,0.9940524936,2.687249769,0.1041577327,0.670747324,3.111093175e-29,1.06190503e-05,0,1.411026364,0,1.036372622e-06,2.220446049e-16,5.215708835e-06,4.229383452e-13,0.004411541432,4.909377543e-07,2.839369704e-07,2.451628208e-07,2.07291344e-07,0.0002758424453,0.08332141981,0.1028893414,0.118821058,0.1502981963,0.1652011877,0.274238329,0.1049523616
0.00445,0.1048734795,0.0002733794407,0.0002745940419,0.9997243685,0.3306629793,0.1042711953,0.9942570397,2.687217479,0.1041684974,0.6214410037,2.882398179e-29,1.061894091e-05,0,1.41162227,0,1.037500058e-06,0,5.212391422e-06,4.224341827e-13,0.004403452316,4.805370042e-07,2.82594303e-07,2.444280425e-07,2.070418613e-07,0.0002733794407,0.08332128444,0.1028891651,0.1188208771,0.1502980339,0.1652011637,0.2743203647,0.1048734795
0.0045,0.1047951255,0.0002710970028,0.0002723007454,0.9997266606,0.3306755524,0.1042131639,0.9944466731,2.68718756,0.1041784713,0.575821021,2.670801335e-29,1.061883956e-05,0,1.412213071,0,1.038618246e-06,0,5.209110793e-06,4.220039657e-13,0.004395886331,4.716637231e-07,2.814487686e-07,2.438011291e-07,2.068289897e-07,0.0002710970028,0.08332114907,0.1028889884,0.1188206959,0.1502978709,0.1652011394,0.2744016915,0.1047951255
0.00455,0.1047172802,0.0002689651216,0.0002701596002,0.9997288007,0.3306868599,0.1041541641,0.9946225104,2.687159836,0.1041877135,0.5336036015,2.474986427e-29,1.061874564e-05,0,1.412799122,0,1.03972729e-06,2.220446049e-16,5.205865699e-06,4.216368388e-13,0.004388527805,4.640935697e-07,2.80471414e-07,2.432662383e-07,2.066473521e-07,0.0002689651216,0.0833210137,0.1028888114,0.1188205146,0.1502977073,0.1652011149,0.2744823586,0.1047172802
0.0046,0.1046398946,0.0002669872859,0.0002681738608,0.9997307853,0.3306969996,0.104094259,0.9947855868,2.687134144,0.1041962785,0.4945261842,2.293735631e-29,1.061865861e-05,0,1.413380752,0,1.040827297e-06,0,5.202656748e-06,4.213235402e-13,0.004381626046,4.57635152e-07,2.796375384e-07,2.428098548e-07,2.064923609e-07,0.0002669872859,0.08332087833,0.1028886341,0.118820333,0.1502975434,0.1652010902,0.2745624117,0.1046398946
0.00465,0.104562953,0.0002651372156,0.0002663170474,0.999732641,0.3307060615,0.1040335361,0.9949368591,2.687110332,0.1042042165,0.4583463031,2.12592433e-29,1.061857794e-05,0,1.413958264,0,1.04191836e-06,2.220446049e-16,5.199482488e-06,4.210561678e-13,0.004374886996,4.521251881e-07,2.78926069e-07,2.424204481e-07,2.063601028e-07,0.0002651372156,0.08332074296,0.1028884566,0.1188201513,0.150297379,0.1652010653,0.2746418929,0.104562953
0.0047,0.1044864125,0.0002634190522,0.000264593131,0.9997343639,0.3307141289,0.1039720483,0.9950772149,2.687088262,0.104211574,0.4248414336,1.970520399e-29,1.061850318e-05,0,1.414531937,0,1.043000569e-06,0,5.196343419e-06,4.208279794e-13,0.004368549442,4.474243772e-07,2.783190277e-07,2.420881811e-07,2.062472387e-07,0.0002634190522,0.08332060759,0.102888279,0.1188199695,0.1502972143,0.1652010402,0.2747208409,0.1044864125
0.00475,0.1044102609,0.0002618091054,0.0002629782759,0.9997359777,0.3307212792,0.1039098719,0.9952074731,2.687067805,0.1042183939,0.393805563,1.8265683e-29,1.061843388e-05,0,1.415102031,0,1.044074037e-06,0,5.193238472e-06,4.206332229e-13,0.004362345889,4.434138781e-07,2.778010771e-07,2.418046617e-07,2.061509203e-07,0.0002618091054,0.08332047222,0.1028881011,0.1188197875,0.1502970493,0.165201015,0.2747992917,0.1044102609
0.0048,0.1043344606,0.0002603118921,0.0002614768749,0.999737478,0.3307275834,0.1038470511,0.9953283939,2.687048841,0.1042247157,0.3650484655,1.693185718e-29,1.061836964e-05,0,1.415668782,0,1.045138845e-06,0,5.190167882e-06,4.204669903e-13,0.004356486374,4.399923038e-07,2.773591323e-07,2.415627303e-07,2.060687176e-07,0.0002603118921,0.08332033685,0.1028879231,0.1188196054,0.1502968841,0.1652009896,0.2748772782,0.1043344606
0.00485,0.1042590017,0.000258906851,0.0002600682611,0.9997388855,0.3307331075,0.1037836514,0.9954406781,2.687031263,0.1042305759,0.3383956607,1.56956337e-29,1.061831009e-05,0,1.416232411,0,1.046195085e-06,0,5.18713046e-06,4.203250944e-13,0.00435073858,4.370731581e-07,2.769820302e-07,2.413562788e-07,2.059985572e-07,0.000258906851,0.08332020148,0.102887745,0.1188194233,0.1502967186,0.1652009642,0.2749548311,0.1042590017
0.0049,0.1041838521,0.0002575979561,0.0002587563178,0.9997401964,0.3307379124,0.1037197106,0.9955449759,2.687014967,0.1042360082,0.3136855668,1.454951799e-29,1.061825489e-05,0,1.416793121,0,1.047242861e-06,-1.110223025e-16,5.184126887e-06,4.202039625e-13,0.004345293245,4.345826488e-07,2.766602473e-07,2.411800962e-07,2.059386706e-07,0.0002575979561,0.08332006611,0.1028875668,0.1188192411,0.150296553,0.1652009387,0.2750319785,0.1041838521
0.00495,0.1041090036,0.000256367308,0.0002575230688,0.9997414286,0.3307420543,0.1036552848,0.9956418868,2.686999862,0.1042410437,0.2907690406,1.348659242e-29,1.061820372e-05,0,1.4173511,0,1.048282257e-06,0,5.181155701e-06,4.201005465e-13,0.004339932439,4.324578214e-07,2.763856588e-07,2.410297369e-07,2.058875488e-07,0.000256367308,0.08331993074,0.1028873886,0.1188190589,0.1502963873,0.1652009132,0.2751087464,0.1041090036
0.005,0.104034428,0.0002552192214,0.000256372763,0.9997425779,0.3307455851,0.1035904056,0.995731967,2.686985861,0.1042457112,0.2695092814,1.250051183e-29,1.061815629e-05,0,1.41790652,0,1.049313356e-06,-2.220446049e-16,5.178217352e-06,4.200122456e-13,0.004334838108,4.306449679e-07,2.761513333e-07,2.409014082e-07,2.058439046e-07,0.0002552192214,0.08331979537,0.1028872102,0.1188188766,0.1502962214,0.1652008875,0.2751851588,0.104034428
0.00505,0.1039601193,0.0002541373761,0.0002552890242,0.9997436606,0.3307485528,0.1035251219,0.9958157284,2.686972884,0.1042500373,0.2497794906,1.158539499e-29,1.061811233e-05,0,1.418459541,0,1.050336263e-06,-2.220446049e-16,5.175310987e-06,4.199368411e-13,0.004329814345,4.290982681e-07,2.759513571e-07,2.407918744e-07,2.058066396e-07,0.0002541373761,0.08331966,0.1028870318,0.1188186942,0.1502960555,0.1652008619,0.2752612381,0.1039601193
0.0051,0.1038860526,0.0002531261414,0.0002542761739,0.9997446725,0.3307510017,0.1034594598,0.9958936467,2.686960858,0.1042540464,0.231462933,1.073582742e-29,1.061807159e-05,0,1.419010312,0,1.051351052e-06,0,5.172436671e-06,4.198724397e-13,0.004325018053,4.277786319e-07,2.757806855e-07,2.406983751e-07,2.05774817e-07,0.0002531261414,0.08331952463,0.1028868533,0.1188185118,0.1502958894,0.1652008361,0.2753370046,0.1038860526
0.00515,0.1038122231,0.0002521714894,0.0002533201433,0.9997456275,0.3307529726,0.1033934611,0.9959661591,2.686949715,0.1042577612,0.2144521068,9.946822925e-30,1.061803384e-05,0,1.419558968,0,1.052357812e-06,0,5.169593366e-06,4.198174263e-13,0.004320279496,4.2665271e-07,2.756350143e-07,2.406185553e-07,2.057476374e-07,0.0002521714894,0.08331938926,0.1028866748,0.1188183294,0.1502957232,0.1652008104,0.2754124773,0.1038122231
0.0052,0.1037386096,0.0002512771347,0.0002524246122,0.999746522,0.3307545033,0.1033271483,0.996033672,2.686939392,0.1042612027,0.1986476971,9.213775034e-30,1.061799887e-05,0,1.420105635,0,1.053356632e-06,0,5.166781709e-06,4.197704226e-13,0.004315742782,4.256920514e-07,2.755106718e-07,2.405504059e-07,2.057244189e-07,0.0002512771347,0.0833192539,0.1028864963,0.1188181469,0.150295557,0.1652007846,0.2754876737,0.1037386096
0.00525,0.1036652081,0.0002504308652,0.0002515773389,0.9997473683,0.3307556285,0.1032605571,0.9960965587,2.68692983,0.1042643901,0.1839582539,8.532442066e-30,1.061796648e-05,0,1.42065043,0,1.054347596e-06,0,5.164000296e-06,4.197302529e-13,0.004311249071,4.248723836e-07,2.754045254e-07,2.404922127e-07,2.057045797e-07,0.0002504308652,0.08331911853,0.1028863177,0.1188179645,0.1502953907,0.1652007588,0.27556261,0.1036652081
0.0053,0.103592,0.0002496363962,0.0002507820132,0.9997481627,0.3307563803,0.103193706,0.9961551662,2.686920978,0.1042673413,0.1702994038,7.898910571e-30,1.061793649e-05,0,1.421193461,0,1.055330784e-06,0,5.161249646e-06,4.19695914e-13,0.004306929456,4.241729992e-07,2.753139026e-07,2.404425136e-07,2.056876236e-07,0.0002496363962,0.08331898316,0.1028861391,0.118817782,0.1502952244,0.1652007329,0.2756373011,0.103592
0.00535,0.1035189822,0.000248882899,0.000250027785,0.9997489159,0.3307567883,0.103126626,0.9962098133,2.686912784,0.1042700729,0.1575932417,7.309567123e-30,1.061790873e-05,0,1.421734827,0,1.056306278e-06,-1.110223025e-16,5.158528723e-06,4.196665499e-13,0.004302648188,4.23576232e-07,2.752365234e-07,2.40400061e-07,2.05673127e-07,0.000248882899,0.08331884779,0.1028859604,0.1188175995,0.1502950581,0.1652007071,0.2757117609,0.1035189822
0.0054,0.1034461388,0.0002481736529,0.0002493179149,0.9997496248,0.3307568799,0.1030593326,0.9962607961,2.686905203,0.1042726002,0.1457680259,6.761084158e-30,1.061788305e-05,0,1.422274619,0,1.057274166e-06,-2.220446049e-16,5.155837938e-06,4.196414304e-13,0.004298519049,4.230670105e-07,2.751704427e-07,2.403637906e-07,2.056607287e-07,0.0002481736529,0.08331871243,0.1028857818,0.118817417,0.1502948917,0.1652006812,0.275786002,0.1034461388
0.00545,0.1033734673,0.000247499336,0.0002486430654,0.9997502987,0.3307566802,0.1029918524,0.9963083866,2.686898192,0.1042749372,0.1347577409,6.250399711e-30,1.06178593e-05,0,1.422812924,0,1.058234524e-06,-2.220446049e-16,5.153176144e-06,4.196199324e-13,0.004294415778,4.226324767e-07,2.751140012e-07,2.403327944e-07,2.056501206e-07,0.000247499336,0.08331857706,0.1028856031,0.1188172344,0.1502947252,0.1652006553,0.2758600363,0.1033734673
0.0055,0.1033009533,0.0002468632285,0.0002480065033,0.9997509343,0.3307562123,0.102924198,0.9963528379,2.686891714,0.104277097,0.1245009915,5.774666125e-30,1.061783735e-05,0,1.423349819,0,1.059187424e-06,-1.110223025e-16,5.150543674e-06,4.196015242e-13,0.004290448573,4.222616612e-07,2.75065783e-07,2.403062978e-07,2.056410397e-07,0.0002468632285,0.08331844169,0.1028854244,0.1188170519,0.1502945588,0.1652006294,0.2759338748,0.1033009533
0.00555,0.1032285956,0.0002462566956,0.0002473995823,0.9997515403,0.3307554978,0.1028563927,0.9963943816,2.68688573,0.1042790917,0.1149415512,5.331275469e-30,1.061781708e-05,0,1.423885377,0,1.060132959e-06,-1.110223025e-16,5.147939818e-06,4.195857524e-13,0.004286504419,4.219452055e-07,2.750245804e-07,2.402836399e-07,2.056332618e-07,0.0002462566956,0.08331830633,0.1028852457,0.1188168693,0.1502943923,0.1652006035,0.2760075275,0.1032285956
0.0056,0.1031563815,0.0002456829191,0.0002468254745,0.9997521135,0.3307545562,0.1027884468,0.996433234,2.686880208,0.1042809326,0.1060276378,4.917825962e-30,1.061779838e-05,0,1.424419667,0,1.061071195e-06,-1.110223025e-16,5.145364576e-06,4.195722298e-13,0.004282674391,4.216751258e-07,2.74989363e-07,2.402642569e-07,2.056265953e-07,0.0002456829191,0.08331817096,0.102885067,0.1188166868,0.1502942258,0.1652005775,0.2760810039,0.1031563815
0.00565,0.1030843097,0.0002451346166,0.000246276889,0.9997526611,0.3307534058,0.1027203801,0.9964695927,2.686875117,0.1042826299,0.09771124254,4.532090833e-30,1.061778113e-05,0,1.424952749,0,1.062002212e-06,-1.110223025e-16,5.142817092e-06,4.195606264e-13,0.004278862519,4.214446108e-07,2.749592519e-07,2.402476679e-07,2.056208772e-07,0.0002451346166,0.0833180356,0.1028848883,0.1188165042,0.1502940593,0.1652005516,0.2761543124,0.1030843097
0.0057,0.1030123695,0.0002446144321,0.0002457564629,0.9997531806,0.3307520633,0.1026522014,0.9965036423,2.686870427,0.1042841932,0.08994797916,4.172011339e-30,1.061776524e-05,0,1.425484682,0,1.062926082e-06,-1.110223025e-16,5.140297769e-06,4.195506603e-13,0.004275153886,4.212478495e-07,2.749334969e-07,2.402334624e-07,2.056159682e-07,0.0002446144321,0.08331790023,0.1028847095,0.1188163217,0.1502938928,0.1652005257,0.2762274613,0.1030123695
0.00575,0.10294056,0.0002441158822,0.0002452577065,0.9997536785,0.3307505443,0.1025839277,0.9965355511,2.686866113,0.1042856315,0.08269702611,3.835694073e-30,1.061775063e-05,0,1.42601552,0,1.06384289e-06,0,5.137805652e-06,4.195420913e-13,0.004271459468,4.210798845e-07,2.749114583e-07,2.402212904e-07,2.056117493e-07,0.0002441158822,0.08331776486,0.1028845308,0.1188161391,0.1502937262,0.1652004997,0.2763004578,0.10294056
0.0058,0.1028688716,0.0002436415413,0.0002447831893,0.9997541521,0.3307488627,0.1025155661,0.9965654769,2.686862149,0.1042869529,0.07592122469,3.521415525e-30,1.06177372e-05,0,1.426545311,0,1.064752699e-06,0,5.135340974e-06,4.195347143e-13,0.004267851009,4.209364865e-07,2.748925903e-07,2.402108533e-07,2.056081193e-07,0.0002436415413,0.0833176295,0.1028843521,0.1188159565,0.1502935597,0.1652004737,0.2763733089,0.1028688716
0.00585,0.1027973036,0.0002431859518,0.0002443274492,0.9997546069,0.3307470316,0.1024471311,0.9965935633,2.686858513,0.104288165,0.06958515315,3.227532743e-30,1.061772488e-05,0,1.427074102,0,1.065655582e-06,0,5.132902779e-06,4.195283543e-13,0.004264256932,4.208140473e-07,2.748764272e-07,2.402018962e-07,2.056049916e-07,0.0002431859518,0.08331749413,0.1028841733,0.1188157739,0.1502933931,0.1652004478,0.2764460209,0.1027973036
0.0059,0.1027258481,0.0002427510198,0.0002438923883,0.9997550411,0.3307450634,0.1023786291,0.9966199449,2.686855183,0.104289275,0.06365688941,2.952565103e-30,1.06177136e-05,0,1.427601935,0,1.066551618e-06,2.220446049e-16,5.130491662e-06,4.19522862e-13,0.00426074069,4.207094885e-07,2.748625718e-07,2.401942018e-07,2.056022924e-07,0.0002427510198,0.08331735877,0.1028839946,0.1188155914,0.1502932266,0.1652004218,0.2765185998,0.1027258481
0.00595,0.1026545043,0.0002423321239,0.0002434733823,0.9997554592,0.3307429689,0.1023100721,0.9966447442,2.686852141,0.1042902894,0.05810693833,2.695144547e-30,1.06177033e-05,0,1.42812885,0,1.067440873e-06,0,5.128106383e-06,4.1951811e-13,0.004257232546,4.206201842e-07,2.74850685e-07,2.401875846e-07,2.055999589e-07,0.0002423321239,0.0833172234,0.1028838158,0.1188154088,0.15029306,0.1652003959,0.2765910511,0.1026545043
0.006,0.102583265,0.0002419311581,0.0002430723223,0.9997558594,0.3307407584,0.1022414654,0.9966680762,2.686849366,0.1042912142,0.05290825074,2.454016467e-30,1.06176939e-05,0,1.428654883,0,1.068323419e-06,0,5.125747409e-06,4.195139897e-13,0.004253790096,4.205438938e-07,2.748404779e-07,2.401818864e-07,2.055979373e-07,0.0002419311581,0.08331708804,0.1028836371,0.1188152262,0.1502928934,0.1652003699,0.2766633797,0.102583265
0.00605,0.1025121298,0.0002415440704,0.0002426851539,0.9997562456,0.3307384412,0.1021728193,0.9966900455,2.686846844,0.104292055,0.04803490998,2.227978782e-30,1.061768535e-05,0,1.429180068,0,1.069199318e-06,2.220446049e-16,5.123413761e-06,4.195104084e-13,0.004250358619,4.204787061e-07,2.748317036e-07,2.401769722e-07,2.055961819e-07,0.0002415440704,0.08331695268,0.1028834583,0.1188150436,0.1502927269,0.1652003439,0.2767355905,0.1025121298
0.0061,0.1024410928,0.0002411722593,0.0002423132739,0.9997566167,0.3307360262,0.1021041385,0.9967107501,2.686844558,0.1042928173,0.04346377643,2.015958221e-30,1.061767761e-05,0,1.429704438,0,1.070068652e-06,2.220446049e-16,5.12110602e-06,4.195072869e-13,0.004246986238,4.204229902e-07,2.748241517e-07,2.401727269e-07,2.055946534e-07,0.0002411722593,0.08331681731,0.1028832795,0.118814861,0.1502925603,0.165200318,0.2768076878,0.1024410928
0.00615,0.1023701533,0.000240812371,0.0002419533264,0.9997569757,0.3307335212,0.1020354315,0.9967302793,2.686842493,0.1042935057,0.03917364244,1.81697112e-30,1.061767061e-05,0,1.43022802,0,1.07093148e-06,0,5.118822978e-06,4.195045577e-13,0.004243618984,4.203753552e-07,2.748176428e-07,2.401690523e-07,2.055933187e-07,0.000240812371,0.08331668195,0.1028831008,0.1188146784,0.1502923937,0.165200292,0.2768796756,0.1023701533
0.0062,0.1022993061,0.0002404658528,0.0002416067575,0.9997573215,0.3307309337,0.1019667021,0.9967487171,2.686840636,0.1042941247,0.03514453372,1.630091021e-30,1.061766432e-05,0,1.430750842,0,1.071787869e-06,2.220446049e-16,5.116565082e-06,4.195021632e-13,0.00424030198,4.203346141e-07,2.748120235e-07,2.401658644e-07,2.055921492e-07,0.0002404658528,0.08331654659,0.102882922,0.1188144958,0.1502922271,0.165200266,0.2769515578,0.1022993061
0.00625,0.1022285507,0.0002401296799,0.0002412705411,0.9997576568,0.3307282701,0.1018979578,0.9967661396,2.686838974,0.1042946787,0.03135757423,1.454442406e-30,1.061765869e-05,0,1.43127293,0,1.072637881e-06,4.440892099e-16,5.114331423e-06,4.195000544e-13,0.004236993437,4.202997544e-07,2.748071634e-07,2.401630919e-07,2.055911206e-07,0.0002401296799,0.08331641122,0.1028827433,0.1188143132,0.1502920605,0.16520024,0.2770233379,0.1022285507
0.0063,0.1021578828,0.0002398048699,0.0002409456936,0.9997579808,0.3307255372,0.1018292019,0.9967826186,2.686837496,0.1042951714,0.02779591897,1.289243963e-30,1.061765369e-05,0,1.431794307,0,1.073481593e-06,4.440892099e-16,5.112122532e-06,4.194981893e-13,0.004233730037,4.202699123e-07,2.748029507e-07,2.401606738e-07,2.055902123e-07,0.0002398048699,0.08331627586,0.1028825645,0.1188141306,0.1502918939,0.165200214,0.2770950191,0.1021578828
0.00635,0.1020873017,0.0002394889978,0.0002406297894,0.9997582959,0.3307227402,0.1017604406,0.996798219,2.686836191,0.1042956065,0.02444424958,1.133785187e-30,1.061764926e-05,0,1.432314995,0,1.074319061e-06,4.440892099e-16,5.109937265e-06,4.194965321e-13,0.004230470285,4.202443509e-07,2.747992906e-07,2.401585579e-07,2.055894066e-07,0.0002394889978,0.0833161405,0.1028823857,0.118813948,0.1502917273,0.1652001881,0.2771666045,0.1020873017
0.0064,0.1020168037,0.000239183138,0.0002403239019,0.9997586009,0.3307198847,0.1016916764,0.9968130024,2.686835048,0.1042959874,0.0212878775,9.873847875e-31,1.061764539e-05,0,1.432835014,0,1.07515035e-06,2.220446049e-16,5.107776045e-06,4.194950522e-13,0.004227248582,4.202224414e-07,2.747961017e-07,2.401566999e-07,2.055886885e-07,0.000239183138,0.08331600513,0.102882207,0.1188137655,0.1502915607,0.1652001621,0.2772380969,0.1020168037
0.00645,0.1019463882,0.000238885082,0.0002400258221,0.9997588982,0.3307169752,0.1016229148,0.9968270242,2.686834059,0.1042963172,0.01831297705,8.49401494e-31,1.061764204e-05,0,1.433354383,0,1.075975518e-06,2.220446049e-16,5.105637999e-06,4.194937238e-13,0.004224034262,4.202036476e-07,2.74793315e-07,2.401550619e-07,2.05588045e-07,0.000238885082,0.08331586977,0.1028820282,0.1188135829,0.1502913941,0.1652001361,0.2773094989,0.1019463882
0.0065,0.1018760522,0.000238595517,0.0002397362365,0.999759187,0.3307140167,0.1015541582,0.996840337,2.686833214,0.1042965989,0.01550715517,7.192604858e-31,1.061763918e-05,0,1.433873121,0,1.076794639e-06,2.220446049e-16,5.103523656e-06,4.194925245e-13,0.004220854565,4.201875117e-07,2.747908713e-07,2.401536116e-07,2.055874652e-07,0.000238595517,0.08331573441,0.1028818494,0.1188134003,0.1502912275,0.1652001101,0.277380813,0.1018760522
0.00655,0.101805795,0.0002383127198,0.0002394534214,0.999759469,0.3307110128,0.101485411,0.9968529884,2.686832505,0.1042968351,0.01285935515,5.96448925e-31,1.061763678e-05,0,1.434391243,0,1.077607765e-06,4.440892099e-16,5.101431897e-06,4.194914353e-13,0.004217677847,4.201736435e-07,2.747887202e-07,2.401523215e-07,2.055869398e-07,0.0002383127198,0.08331559905,0.1028816707,0.1188132177,0.150291061,0.1652000841,0.2774520415,0.101805795
0.0066,0.1017356138,0.0002380374525,0.0002391781387,0.9997597434,0.3307079676,0.101416675,0.9968650234,2.686831925,0.1042970285,0.01035873371,4.804638737e-31,1.061763482e-05,0,1.434908764,0,1.078414959e-06,4.440892099e-16,5.099363149e-06,4.194904402e-13,0.004214529476,4.201617098e-07,2.747868188e-07,2.40151168e-07,2.055864608e-07,0.0002380374525,0.08331546369,0.1028814919,0.1188130351,0.1502908944,0.1652000581,0.2775231865,0.1017356138
0.00665,0.1016655082,0.0002377681427,0.0002389088155,0.999760012,0.3307048843,0.1013479542,0.9968764826,2.686831467,0.1042971813,0.007995285056,3.708412376e-31,1.061763326e-05,0,1.4354257,0,1.079216277e-06,2.220446049e-16,5.097316552e-06,4.194895253e-13,0.004211388232,4.201514266e-07,2.747851305e-07,2.40150131e-07,2.055860213e-07,0.0002377681427,0.08331532832,0.1028813131,0.1188128525,0.1502907278,0.1652000322,0.2775942499,0.1016655082
0.0067,0.1015954757,0.0002375052561,0.0002386459171,0.9997602741,0.3307017664,0.1012792501,0.9968874046,2.686831124,0.1042972957,0.005759570166,2.671432117e-31,1.06176321e-05,0,1.435942063,0,1.080011786e-06,4.440892099e-16,5.09529261e-06,4.194886788e-13,0.00420827343,4.201425514e-07,2.747836238e-07,2.401491934e-07,2.055856155e-07,0.0002375052561,0.08331519296,0.1028811344,0.1188126699,0.1502905612,0.1652000062,0.2776652338,0.1015954757
0.00675,0.101525516,0.0002372475012,0.000238388152,0.999760531,0.3306986167,0.1012105661,0.9968978243,2.686830889,0.104297374,0.003643722832,1.690049417e-31,1.06176313e-05,0,1.436457866,0,1.080801542e-06,2.220446049e-16,5.093290318e-06,4.194878907e-13,0.004205161826,4.201348774e-07,2.747822722e-07,2.401483407e-07,2.055852386e-07,0.0002372475012,0.0833150576,0.1028809556,0.1188124873,0.1502903946,0.1651999802,0.2777361398,0.101525516
0.0068,0.1014556269,0.0002369954684,0.0002381361101,0.9997607823,0.330695438,0.1011419033,0.9969077748,2.686830757,0.1042974179,0.001639698902,7.605331963e-32,1.061763086e-05,0,1.436973121,0,1.0815856e-06,4.440892099e-16,5.091310006e-06,4.194871524e-13,0.004202071644,4.201282283e-07,2.747810528e-07,2.401475603e-07,2.055848862e-07,0.0002369954684,0.08331492224,0.1028807768,0.1188123047,0.150290228,0.1651999542,0.2778069694,0.1014556269
0.00685,0.101385808,0.000236747996,0.0002378886298,0.999761029,0.3306922326,0.1010732646,0.996917286,2.686830723,0.1042974292,-0.0002597528901,-1.20479861e-32,1.061763074e-05,0,1.437487838,0,1.082364017e-06,2.220446049e-16,5.089350921e-06,4.194864567e-13,0.004198986959,4.201224535e-07,2.747799463e-07,2.401468417e-07,2.055845548e-07,0.000236747996,0.08331478688,0.1028805981,0.1188121221,0.1502900614,0.1651999282,0.2778777243,0.101385808
0.0069,0.1013160575,0.0002365055396,0.0002376461663,0.9997612707,0.3306890029,0.101004651,0.9969263864,2.686830782,0.1042974098,-0.002061672662,-9.562551379e-32,1.061763094e-05,0,1.438002028,0,1.083136848e-06,2.220446049e-16,5.087413351e-06,4.194857972e-13,0.004195923172,4.201174245e-07,2.74778936e-07,2.401461758e-07,2.055842412e-07,0.0002365055396,0.08331465152,0.1028804193,0.1188119395,0.1502898948,0.1651999022,0.2779484059,0.1013160575
0.00695,0.1012463751,0.0002362668982,0.0002374075187,0.9997615086,0.3306857511,0.1009360652,0.9969351014,2.686830928,0.104297361,-0.003772109058,-1.749598146e-31,1.061763144e-05,0,1.438515701,0,1.083904159e-06,2.220446049e-16,5.085496713e-06,4.194851686e-13,0.004192863873,4.201130319e-07,2.747780079e-07,2.401455548e-07,2.055839429e-07,0.0002362668982,0.08331451616,0.1028802405,0.1188117569,0.1502897282,0.1651998762,0.2780190155,0.1012463751
0.007,0.101176759,0.0002360326902,0.0002371733051,0.999761742,0.3306824791,0.1008675078,0.9969434557,2.686831157,0.1042972845,-0.00539674272,-2.503143709e-31,1.061763221e-05,0,1.439028865,0,1.084665993e-06,2.220446049e-16,5.083600981e-06,4.194845665e-13,0.004189821003,4.201091821e-07,2.747771498e-07,2.401449721e-07,2.055836576e-07,0.0002360326902,0.0833143808,0.1028800618,0.1188115743,0.1502895616,0.1651998502,0.2780895543,0.101176759
0.00705,0.101107209,0.0002358019874,0.0002369425974,0.999761972,0.3306791886,0.1007989808,0.9969514713,2.686831466,0.1042971816,-0.006941060616,-3.219436819e-31,1.061763326e-05,0,1.439541529,0,1.085422412e-06,2.220446049e-16,5.08172562e-06,4.194839869e-13,0.004186780651,4.201057955e-07,2.747763515e-07,2.401444222e-07,2.055833834e-07,0.0002358019874,0.08331424544,0.102879883,0.1188113918,0.150289395,0.1651998243,0.2781600236,0.101107209
0.0071,0.1010377236,0.0002355752007,0.0002367158061,0.999762198,0.3306758813,0.100730485,0.9969591693,2.68683185,0.1042970536,-0.008410075196,-3.900802375e-31,1.061763456e-05,0,1.440053701,0,1.086173462e-06,2.220446049e-16,5.079870752e-06,4.194834265e-13,0.004183758513,4.20102804e-07,2.747756042e-07,2.401439001e-07,2.055831187e-07,0.0002355752007,0.08331411008,0.1028797042,0.1188112092,0.1502892284,0.1651997983,0.2782304243,0.1010377236
0.00715,0.1009683026,0.0002353514622,0.0002364920635,0.999762421,0.3306725588,0.1006620222,0.9969665686,2.686832306,0.1042969016,-0.009808572915,-4.549460454e-31,1.06176361e-05,0,1.440565388,0,1.086919204e-06,2.220446049e-16,5.078035897e-06,4.194828825e-13,0.004180740315,4.201001497e-07,2.747749004e-07,2.401434018e-07,2.055828621e-07,0.0002353514622,0.08331397472,0.1028795255,0.1188110266,0.1502890618,0.1651997723,0.2783007576,0.1009683026
0.0072,0.1008989448,0.000235131011,0.0002362716085,0.9997626407,0.3306692224,0.1005935931,0.9969736873,2.68683283,0.104296727,-0.01114067419,-5.16732221e-31,1.061763788e-05,0,1.441076598,0,1.08765969e-06,4.440892099e-16,5.076221171e-06,4.194823525e-13,0.004177735758,4.200977828e-07,2.747742337e-07,2.401429239e-07,2.055826123e-07,0.000235131011,0.08331383936,0.1028793467,0.118810844,0.1502888952,0.1651997463,0.2783710244,0.1008989448
0.00725,0.1008296498,0.0002349133859,0.00023605398,0.9997628576,0.3306658734,0.1005251989,0.9969805419,2.686833419,0.1042965306,-0.0124104576,-5.756279388e-31,1.061763987e-05,0,1.441587336,0,1.088394968e-06,4.440892099e-16,5.074425844e-06,4.194818344e-13,0.00417473431,4.200956614e-07,2.747735987e-07,2.401424633e-07,2.055823685e-07,0.0002349133859,0.083313704,0.1028791679,0.1188106614,0.1502887286,0.1651997203,0.2784412257,0.1008296498
0.0073,0.1007604165,0.0002346987198,0.0002358393107,0.9997630716,0.330662513,0.1004568403,0.996987148,2.68683407,0.1042963136,-0.01362165169,-6.318061377e-31,1.061764208e-05,0,1.442097609,0,1.089125091e-06,2.220446049e-16,5.072650203e-06,4.194813266e-13,0.004171743794,4.200937492e-07,2.747729907e-07,2.401420174e-07,2.055821296e-07,0.0002346987198,0.08331356864,0.1028789892,0.1188104788,0.150288562,0.1651996943,0.2785113622,0.1007604165
0.00735,0.1006912445,0.0002344866228,0.0002356272107,0.9997632829,0.3306591421,0.1003885183,0.9969935197,2.68683478,0.1042960768,-0.01477777566,-6.854300474e-31,1.061764449e-05,0,1.442607423,0,1.089850107e-06,2.220446049e-16,5.070893538e-06,4.194808274e-13,0.00416875988,4.200920156e-07,2.747724057e-07,2.401415842e-07,2.055818951e-07,0.0002344866228,0.08331343329,0.1028788104,0.1188102962,0.1502883954,0.1651996683,0.2785814349,0.1006912445
0.0074,0.1006221331,0.00023427707,0.0002354176551,0.9997634918,0.330655762,0.1003202336,0.9969996707,2.686835547,0.1042958212,-0.01588192883,-7.36643422e-31,1.061764708e-05,0,1.443116783,0,1.09057007e-06,2.220446049e-16,5.06915622e-06,4.194803356e-13,0.004165786417,4.200904344e-07,2.747718404e-07,2.401411617e-07,2.055816641e-07,0.00023427707,0.08331329793,0.1028786316,0.1188101136,0.1502882288,0.1651996423,0.2786514444,0.1006221331
0.00745,0.100553082,0.0002340696678,0.0002352102502,0.9997636985,0.3306523736,0.1002519872,0.997005613,2.686836367,0.1042955477,-0.0169373038,-7.855943417e-31,1.061764986e-05,0,1.443625694,0,1.091285032e-06,2.220446049e-16,5.067437558e-06,4.194798502e-13,0.004162817155,4.200889831e-07,2.747712919e-07,2.401407484e-07,2.055814363e-07,0.0002340696678,0.08331316257,0.1028784529,0.118809931,0.1502880622,0.1651996163,0.2787213915,0.100553082
0.0075,0.1004840903,0.0002338646334,0.0002350052133,0.9997639028,0.3306489775,0.1001837794,0.9970113585,2.68683724,0.1042952569,-0.01794663926,-8.324098347e-31,1.061765282e-05,0,1.444134163,0,1.091995036e-06,2.220446049e-16,5.065737634e-06,4.194793701e-13,0.004159856562,4.200876427e-07,2.747707577e-07,2.40140343e-07,2.055812112e-07,0.0002338646334,0.08331302721,0.1028782741,0.1188097484,0.1502878955,0.1651995903,0.2787912769,0.1004840903
0.00755,0.1004151577,0.0002336615946,0.0002348021721,0.9997641051,0.3306455747,0.100115611,0.9970169177,2.686838161,0.1042949496,-0.01891256153,-8.772117157e-31,1.061765594e-05,0,1.444642192,0,1.092700134e-06,0,5.064055956e-06,4.194788947e-13,0.004156898603,4.200863969e-07,2.747702357e-07,2.401399442e-07,2.055809883e-07,0.0002336615946,0.08331289185,0.1028780953,0.1188095658,0.1502877289,0.1651995643,0.2788611011,0.1004151577
0.0076,0.1003462834,0.000233460677,0.0002346012523,0.9997643053,0.3306421658,0.1000474824,0.9970223009,2.68683913,0.1042946266,-0.01983755097,-9.201150305e-31,1.061765922e-05,0,1.445149786,0,1.093400369e-06,2.220446049e-16,5.062392631e-06,4.194784232e-13,0.004153951325,4.200852318e-07,2.747697241e-07,2.401395511e-07,2.055807674e-07,0.000233460677,0.0833127565,0.1028779166,0.1188093833,0.1502875623,0.1651995383,0.2789308649,0.1003462834
0.00765,0.1002774673,0.0002332615809,0.000234402154,0.9997645038,0.3306387515,0.09997939421,0.9970275172,2.686840144,0.1042942885,-0.02072362832,-9.61213505e-31,1.061766266e-05,0,1.44565695,0,1.094095791e-06,2.220446049e-16,5.060747155e-06,4.194779551e-13,0.004151008156,4.200841356e-07,2.747692214e-07,2.401391629e-07,2.055805481e-07,0.0002332615809,0.08331262114,0.1028777378,0.1188092007,0.1502873957,0.1651995123,0.2790005688,0.1002774673
0.0077,0.1002087088,0.0002330641676,0.0002342047385,0.9997647005,0.3306353325,0.09991134699,0.9970325755,2.686841202,0.104293936,-0.0215730267,-1.000610718e-30,1.061766624e-05,0,1.446163687,0,1.094786454e-06,2.220446049e-16,5.059119825e-06,4.194774898e-13,0.004148073335,4.200830981e-07,2.747687262e-07,2.401387788e-07,2.055803302e-07,0.0002330641676,0.08331248578,0.1028775591,0.1188090181,0.1502872291,0.1651994863,0.2790702133,0.1002087088
0.00775,0.1001400074,0.000232868466,0.0002340090349,0.9997648955,0.3306319092,0.09984334102,0.9970374837,2.686842301,0.1042935696,-0.02238804832,-1.038413451e-30,1.061766996e-05,0,1.446670002,0,1.095472395e-06,2.220446049e-16,5.057509804e-06,4.194770269e-13,0.004145141288,4.200821107e-07,2.747682376e-07,2.401383983e-07,2.055801135e-07,0.000232868466,0.08331235043,0.1028773803,0.1188088355,0.1502870625,0.1651994603,0.279139799,0.1001400074
0.0078,0.1000713628,0.0002326743934,0.0002338149602,0.9997650889,0.3306284822,0.09977537671,0.9970422497,2.68684344,0.1042931898,-0.02317032371,-1.074697332e-30,1.061767382e-05,0,1.447175897,0,1.096153662e-06,4.440892099e-16,5.05591741e-06,4.194765662e-13,0.004142215272,4.20081166e-07,2.747677544e-07,2.401380208e-07,2.055798979e-07,0.0002326743934,0.08331221507,0.1028772015,0.1188086529,0.1502868959,0.1651994343,0.2792093263,0.1000713628
0.00785,0.1000027746,0.0002324818254,0.0002336223903,0.9997652808,0.3306250519,0.09970745443,0.9970468803,2.686844617,0.1042927973,-0.02392166319,-1.109546329e-30,1.061767781e-05,0,1.447681377,0,1.096830301e-06,4.440892099e-16,5.054342074e-06,4.194761072e-13,0.004139293177,4.200802578e-07,2.74767276e-07,2.401376459e-07,2.055796831e-07,0.0002324818254,0.08331207971,0.1028770228,0.1188084703,0.1502867293,0.1651994083,0.2792787957,0.1000027746
0.0079,0.09993424229,0.0002322907918,0.0002334313547,0.9997654711,0.3306216188,0.09963957443,0.9970513825,2.686845832,0.1042923925,-0.02464352653,-1.143028149e-30,1.061768192e-05,0,1.448186443,0,1.097502352e-06,4.440892099e-16,5.052783909e-06,4.194756497e-13,0.004136379184,4.200793808e-07,2.747668016e-07,2.401372731e-07,2.05579469e-07,0.0002322907918,0.08331194436,0.102876844,0.1188082877,0.1502865627,0.1651993823,0.2793482077,0.09993424229
0.00795,0.0998657657,0.0002321010796,0.0002332416406,0.9997656602,0.3306181834,0.09957173712,0.9970557621,2.686847081,0.1042919759,-0.02533719388,-1.175202168e-30,1.061768616e-05,0,1.4486911,0,1.098169866e-06,4.440892099e-16,5.051242505e-06,4.194751935e-13,0.004133468793,4.200785302e-07,2.747663306e-07,2.401369022e-07,2.055792556e-07,0.0002321010796,0.083311809,0.1028766652,0.1188081051,0.1502863961,0.1651993563,0.2794175626,0.0998657657
0.008,0.09979734452,0.0002319125761,0.0002330531352,0.999765848,0.330614746,0.09950394284,0.9970600251,2.686848365,0.104291548,-0.02600442085,-1.206149817e-30,1.061769051e-05,0,1.44919535,0,1.098832887e-06,4.440892099e-16,5.049718038e-06,4.194747385e-13,0.00413056467,4.200777024e-07,2.747658625e-07,2.40136533e-07,2.055790428e-07,0.0002319125761,0.08331167365,0.1028764865,0.1188079225,0.1502862295,0.1651993303,0.2794868609,0.09979734452
0.00805,0.09972897829,0.0002317253852,0.0002328659425,0.9997660346,0.3306113069,0.09943619165,0.9970641769,2.686849681,0.1042911092,-0.02664675082,-1.235942681e-30,1.061769497e-05,0,1.449699196,0,1.099491453e-06,4.440892099e-16,5.048209789e-06,4.194742843e-13,0.004127663413,4.200768938e-07,2.74765397e-07,2.401361651e-07,2.055788304e-07,0.0002317253852,0.08331153829,0.1028763077,0.11880774,0.1502860629,0.1651993043,0.279556103,0.09972897829
0.0081,0.09966066676,0.0002315393769,0.0002326799323,0.9997662199,0.3306078664,0.09936848388,0.9970682226,2.686851029,0.1042906598,-0.02726532225,-1.264633565e-30,1.061769953e-05,0,1.45020264,0,1.100145609e-06,4.440892099e-16,5.046718038e-06,4.19473831e-13,0.004124766564,4.200761018e-07,2.747649335e-07,2.401357983e-07,2.055786184e-07,0.0002315393769,0.08331140294,0.102876129,0.1188075574,0.1502858963,0.1651992783,0.2796252892,0.09966066676
0.00815,0.09959240962,0.0002313545185,0.0002324950721,0.9997664041,0.3306044248,0.09930081968,0.997072167,2.686852407,0.1042902004,-0.02786127006,-1.292275109e-30,1.06177042e-05,0,1.450705686,0,1.100795397e-06,4.440892099e-16,5.045242263e-06,4.194733784e-13,0.004121873261,4.200753238e-07,2.747644719e-07,2.401354326e-07,2.055784067e-07,0.0002313545185,0.08331126758,0.1028759502,0.1188073748,0.1502857297,0.1651992523,0.2796944199,0.09959240962
0.0082,0.09952420655,0.0002311707929,0.0002323113448,0.9997665872,0.3306009824,0.09923319923,0.9970760147,2.686853815,0.1042897311,-0.02843547247,-1.318908047e-30,1.061770897e-05,0,1.451208335,0,1.101440855e-06,4.440892099e-16,5.043782566e-06,4.194729263e-13,0.004118986524,4.200745577e-07,2.747640118e-07,2.401350677e-07,2.055781953e-07,0.0002311707929,0.08331113223,0.1028757714,0.1188071922,0.1502855631,0.1651992263,0.2797634953,0.09952420655
0.00825,0.09945605731,0.0002309881285,0.0002321286785,0.9997667692,0.3305975395,0.09916562272,0.9970797697,2.686855251,0.1042892525,-0.02898882646,-1.344573984e-30,1.061771383e-05,0,1.451710589,0,1.102082027e-06,4.440892099e-16,5.042338515e-06,4.194724748e-13,0.004116103435,4.20073802e-07,2.747635531e-07,2.401347035e-07,2.055779842e-07,0.0002309881285,0.08331099687,0.1028755927,0.1188070096,0.1502853965,0.1651992003,0.2798325159,0.09945605731
0.0083,0.0993879618,0.0002308063189,0.0002319468672,0.9997669504,0.3305940962,0.09909809044,0.997083436,2.686856714,0.1042887649,-0.02952248644,-1.369326463e-30,1.061771879e-05,0,1.452212452,0,1.102718958e-06,4.440892099e-16,5.040910366e-06,4.194720236e-13,0.004113225276,4.200730549e-07,2.747630954e-07,2.4013434e-07,2.055777733e-07,0.0002308063189,0.08331086152,0.1028754139,0.118806827,0.1502852299,0.1651991743,0.2799014819,0.0993879618
0.00835,0.09931991958,0.0002306255137,0.0002317660602,0.9997671306,0.3305906529,0.09903060237,0.9970870173,2.686858203,0.1042882685,-0.03003752969,-1.393215452e-30,1.061772383e-05,0,1.452713924,0,1.103351685e-06,4.440892099e-16,5.039497427e-06,4.194715729e-13,0.004110350118,4.200723154e-07,2.747626388e-07,2.40133977e-07,2.055775625e-07,0.0002306255137,0.08331072616,0.1028752352,0.1188066444,0.1502850633,0.1651991483,0.2799703936,0.09931991958
0.0084,0.09925193046,0.0002304456194,0.0002315861642,0.9997673099,0.3305872096,0.09896315867,0.9970905172,2.686859717,0.1042877636,-0.03053501937,-1.416290263e-30,1.061772896e-05,0,1.453215009,0,1.103980244e-06,4.440892099e-16,5.038099887e-06,4.194711224e-13,0.004107478824,4.200715821e-07,2.747621829e-07,2.401336144e-07,2.055773519e-07,0.0002304456194,0.08331059081,0.1028750564,0.1188064619,0.1502848967,0.1651991223,0.2800392512,0.09925193046
0.00845,0.0991839942,0.0002302666176,0.0002314071605,0.9997674882,0.3305837666,0.09889575945,0.9970939389,2.686861256,0.1042872506,-0.03101562676,-1.438582031e-30,1.061773418e-05,0,1.453715707,0,1.104604679e-06,4.440892099e-16,5.036717325e-06,4.194706722e-13,0.004104610125,4.200708543e-07,2.747617278e-07,2.401332522e-07,2.055771415e-07,0.0002302666176,0.08331045546,0.1028748777,0.1188062793,0.1502847301,0.1651990963,0.2801080552,0.0991839942
0.0085,0.09911611059,0.0002300884481,0.0002312289893,0.9997676658,0.330580324,0.09882840483,0.9970972856,2.686862818,0.1042867297,-0.03147990934,-1.460116613e-30,1.061773947e-05,0,1.454216021,0,1.105225025e-06,4.440892099e-16,5.035349842e-06,4.194702223e-13,0.004101745712,4.200701311e-07,2.747612732e-07,2.401328903e-07,2.055769311e-07,0.0002300884481,0.0833103201,0.1028746989,0.1188060967,0.1502845635,0.1651990703,0.2801768056,0.09911611059
0.00855,0.09904827934,0.0002299111726,0.0002310517121,0.9997678424,0.3305768819,0.09876109482,0.9971005602,2.686864404,0.1042862013,-0.03192839535,-1.480918511e-30,1.061774484e-05,0,1.454715952,0,1.105841321e-06,6.661338148e-16,5.033996951e-06,4.194697725e-13,0.004098886503,4.200694119e-07,2.747608192e-07,2.401325287e-07,2.055767209e-07,0.0002299111726,0.08331018475,0.1028745201,0.1188059141,0.1502843969,0.1651990443,0.2802455028,0.09904827934
0.0086,0.09898050038,0.0002297346256,0.0002308751634,0.9997680184,0.3305734406,0.09869382963,0.9971037654,2.686866011,0.1042856654,-0.03236186694,-1.501024004e-30,1.061775028e-05,0,1.455215503,0,1.106453604e-06,4.440892099e-16,5.032658868e-06,4.194693229e-13,0.004096030333,4.20068696e-07,2.747603656e-07,2.401321674e-07,2.055765107e-07,0.0002297346256,0.0833100494,0.1028743414,0.1188057315,0.1502842303,0.1651990183,0.2803141471,0.09898050038
0.00865,0.09891277352,0.0002295587418,0.0002306992778,0.9997681937,0.3305700001,0.09862660935,0.9971069038,2.68686764,0.1042851225,-0.03278103734,-1.520466171e-30,1.06177558e-05,0,1.455714675,0,1.10706192e-06,4.440892099e-16,5.031335219e-06,4.194688734e-13,0.004093178642,4.20067983e-07,2.747599124e-07,2.401318062e-07,2.055763006e-07,0.0002295587418,0.08330991404,0.1028741626,0.1188055489,0.1502840637,0.1651989923,0.2803827385,0.09891277352
0.0087,0.09884509849,0.0002293836,0.0002305241342,0.9997683682,0.3305665606,0.09855943397,0.9971099779,2.686869289,0.1042845727,-0.03318669539,-1.539281602e-30,1.061776139e-05,0,1.456213469,0,1.107666297e-06,4.440892099e-16,5.030025912e-06,4.194684241e-13,0.004090329128,4.200672725e-07,2.747594594e-07,2.401314453e-07,2.055760905e-07,0.0002293836,0.08330977869,0.1028739839,0.1188053664,0.1502838971,0.1651989663,0.2804512774,0.09884509849
0.00875,0.09877747507,0.0002292091963,0.0002303497289,0.999768542,0.3305631222,0.09849230351,0.99711299,2.686870958,0.1042840162,-0.03357960899,-1.557505914e-30,1.061776704e-05,0,1.456711887,0,1.108266774e-06,4.440892099e-16,5.028730605e-06,4.194679748e-13,0.00408748315,4.20066564e-07,2.747590068e-07,2.401310844e-07,2.055758805e-07,0.0002292091963,0.08330964334,0.1028738051,0.1188051838,0.1502837305,0.1651989403,0.2805197639,0.09877747507
0.0088,0.09870990317,0.0002290354192,0.00023017595,0.9997687152,0.330559685,0.09842521812,0.9971159424,2.686872647,0.1042834533,-0.03396010656,-1.575154339e-30,1.061777276e-05,0,1.45720993,0,1.108863388e-06,6.661338148e-16,5.027449449e-06,4.194675257e-13,0.004084639108,4.200658574e-07,2.747585544e-07,2.401307237e-07,2.055756706e-07,0.0002290354192,0.08330950799,0.1028736264,0.1188050012,0.1502835639,0.1651989143,0.2805881983,0.09870990317
0.00885,0.09864238251,0.0002288623497,0.0002300028788,0.9997688877,0.3305562489,0.09835817774,0.9971188371,2.686874354,0.1042828842,-0.03432850177,-1.592241426e-30,1.061777855e-05,0,1.457707601,0,1.109456174e-06,4.440892099e-16,5.026181979e-06,4.194670766e-13,0.004081799518,4.200651522e-07,2.747581022e-07,2.401303631e-07,2.055754607e-07,0.0002288623497,0.08330937264,0.1028734476,0.1188048186,0.1502833973,0.1651988883,0.2806565807,0.09864238251
0.0089,0.09857491297,0.0002286899248,0.0002298304522,0.9997690595,0.3305528143,0.09829118245,0.9971216762,2.686876079,0.104282309,-0.03468510799,-1.608781711e-30,1.061778439e-05,0,1.458204899,0,1.110045165e-06,4.440892099e-16,5.024928299e-06,4.194666276e-13,0.00407896416,4.200644484e-07,2.747576501e-07,2.401300026e-07,2.055752508e-07,0.0002286899248,0.08330923728,0.1028732689,0.118804636,0.1502832307,0.1651988623,0.2807249114,0.09857491297
0.00895,0.0985074944,0.0002285180992,0.0002296586248,0.9997692307,0.330549381,0.0982242323,0.9971244614,2.686877822,0.104281728,-0.03503053604,-1.624803524e-30,1.06177903e-05,0,1.458701827,0,1.110630401e-06,4.440892099e-16,5.023688091e-06,4.194661786e-13,0.004076131735,4.200637456e-07,2.747571982e-07,2.401296422e-07,2.055750409e-07,0.0002285180992,0.08330910193,0.1028730901,0.1188044534,0.1502830641,0.1651988363,0.2807931905,0.0985074944
0.009,0.09844012679,0.0002283467184,0.0002294872423,0.9997694015,0.3305459494,0.09815732745,0.9971271945,2.686879582,0.1042811413,-0.03536526486,-1.640329081e-30,1.061779626e-05,0,1.459198386,0,1.111211919e-06,4.440892099e-16,5.022461507e-06,4.194657297e-13,0.004073303081,4.200630439e-07,2.747567464e-07,2.401292819e-07,2.055748311e-07,0.0002283467184,0.08330896658,0.1028729113,0.1188042709,0.1502828975,0.1651988103,0.2808614182,0.09844012679
0.00905,0.09837280974,0.0002281760011,0.0002293165233,0.9997695717,0.3305425193,0.09809046771,0.9971298773,2.686881358,0.1042805491,-0.03568993348,-1.65538802e-30,1.061780227e-05,0,1.459694577,0,1.111789747e-06,4.440892099e-16,5.021247936e-06,4.194652808e-13,0.004070476505,4.200623429e-07,2.747562948e-07,2.401289216e-07,2.055746213e-07,0.0002281760011,0.08330883123,0.1028727326,0.1188040883,0.1502827309,0.1651987842,0.2809295947,0.09837280974
0.0091,0.09830554324,0.0002280058009,0.0002291463214,0.9997697413,0.3305390908,0.09802365321,0.9971325113,2.686883151,0.1042799515,-0.03600506286,-1.670004506e-30,1.061780835e-05,0,1.460190401,0,1.11236392e-06,4.440892099e-16,5.020047603e-06,4.19464832e-13,0.004067652681,4.200616426e-07,2.747558432e-07,2.401285613e-07,2.055744115e-07,0.0002280058009,0.08330869588,0.1028725538,0.1188039057,0.1502825644,0.1651987582,0.2809977201,0.09830554324
0.00915,0.09823832708,0.0002278361554,0.0002289766742,0.9997699104,0.330535664,0.09795688392,0.9971350982,2.686884959,0.1042793488,-0.03631081775,-1.684186179e-30,1.061781447e-05,0,1.460685859,0,1.112934474e-06,2.220446049e-16,5.018860128e-06,4.194643832e-13,0.004064830957,4.200609429e-07,2.747553917e-07,2.401282011e-07,2.055742017e-07,0.0002278361554,0.08330856053,0.1028723751,0.1188037231,0.1502823978,0.1651987322,0.2810657946,0.09823832708
0.0092,0.09817116115,0.0002276670276,0.0002288075446,0.999770079,0.330532239,0.09789015988,0.9971376393,2.686886782,0.1042787411,-0.03660732223,-1.697938795e-30,1.061782065e-05,0,1.461180953,0,1.11350144e-06,2.220446049e-16,5.017685575e-06,4.194639344e-13,0.004062013295,4.200602437e-07,2.747549402e-07,2.40127841e-07,2.055739919e-07,0.0002276670276,0.08330842518,0.1028721963,0.1188035405,0.1502822312,0.1651987062,0.2811338184,0.09817116115
0.00925,0.09810404524,0.000227498479,0.0002286389943,0.9997702469,0.3305288157,0.09782348102,0.9971401361,2.686888619,0.1042781285,-0.03689479711,-1.711272597e-30,1.061782687e-05,0,1.461675684,0,1.114064849e-06,2.220446049e-16,5.016523557e-06,4.194634856e-13,0.004059199654,4.200595449e-07,2.747544888e-07,2.401274808e-07,2.055737822e-07,0.000227498479,0.08330828983,0.1028720176,0.118803358,0.1502820646,0.1651986802,0.2812017916,0.09810404524
0.0093,0.09803697937,0.0002273303257,0.0002284708393,0.9997704145,0.3305253943,0.09775684751,0.9971425898,2.686890471,0.1042775112,-0.03717371154,-1.724209343e-30,1.061783314e-05,0,1.462170052,0,1.114624738e-06,2.220446049e-16,5.015374288e-06,4.194630369e-13,0.004056388338,4.200588465e-07,2.747540375e-07,2.401271207e-07,2.055735724e-07,0.0002273303257,0.08330815448,0.1028718388,0.1188031754,0.150281898,0.1651986542,0.2812697143,0.09803697937
0.00935,0.09796996339,0.0002271625913,0.0002283031032,0.9997705817,0.3305219749,0.09769025932,0.9971450018,2.686892337,0.1042768893,-0.03744443533,-1.736766187e-30,1.061783946e-05,0,1.462664059,0,1.115181141e-06,2.220446049e-16,5.014237378e-06,4.194625881e-13,0.004053580782,4.200581484e-07,2.747535862e-07,2.401267606e-07,2.055733626e-07,0.0002271625913,0.08330801913,0.1028716601,0.1188029928,0.1502817314,0.1651986282,0.2813375868,0.09796996339
0.0094,0.09790299708,0.0002269953457,0.0002281358558,0.9997707484,0.3305185574,0.09762371637,0.9971473732,2.686894215,0.104276263,-0.03770748856,-1.748967251e-30,1.061784583e-05,0,1.463157706,0,1.115734083e-06,2.220446049e-16,5.013112766e-06,4.194621394e-13,0.004050774737,4.200574505e-07,2.747531349e-07,2.401264006e-07,2.055731529e-07,0.0002269953457,0.08330788378,0.1028714813,0.1188028102,0.1502815648,0.1651986022,0.2814054091,0.09790299708
0.00945,0.09783608033,0.0002268285746,0.000227969083,0.9997709146,0.3305151418,0.09755721866,0.9971497051,2.686896107,0.1042756323,-0.03796323348,-1.760829337e-30,1.061785224e-05,0,1.463650993,0,1.116283599e-06,2.220446049e-16,5.012000195e-06,4.194616907e-13,0.00404797144,4.200567529e-07,2.747526837e-07,2.401260405e-07,2.055729432e-07,0.0002268285746,0.08330774843,0.1028713026,0.1188026276,0.1502813982,0.1651985762,0.2814731814,0.09783608033
0.0095,0.09776921308,0.0002266622033,0.00022780271,0.9997710805,0.3305117282,0.09749076625,0.9971519988,2.686898012,0.1042749974,-0.03821170827,-1.772354217e-30,1.061785869e-05,0,1.464143922,0,1.11682972e-06,4.440892099e-16,5.010899765e-06,4.19461242e-13,0.004045169778,4.200560555e-07,2.747522325e-07,2.401256805e-07,2.055727334e-07,0.0002266622033,0.08330761308,0.1028711238,0.1188024451,0.1502812316,0.1651985501,0.2815409037,0.09776921308
0.00955,0.09770239511,0.000226496324,0.000227636829,0.9997712458,0.3305083166,0.09742435903,0.9971542553,2.686899928,0.1042743585,-0.03845294216,-1.783543246e-30,1.061786518e-05,0,1.464636494,0,1.117372474e-06,2.220446049e-16,5.009811077e-06,4.194607933e-13,0.004042372631,4.200553583e-07,2.747517813e-07,2.401253204e-07,2.055725237e-07,0.000226496324,0.08330747773,0.1028709451,0.1188022625,0.150281065,0.1651985241,0.2816085763,0.09770239511
0.0096,0.09763562636,0.0002263308691,0.0002274713723,0.9997714107,0.3305049071,0.09735799707,0.9971564755,2.686901857,0.1042737156,-0.03868709243,-1.794403718e-30,1.061787171e-05,0,1.465128708,0,1.117911892e-06,4.440892099e-16,5.008734237e-06,4.194603446e-13,0.004039578503,4.200546612e-07,2.747513301e-07,2.401249604e-07,2.05572314e-07,0.0002263308691,0.08330734239,0.1028707663,0.1188020799,0.1502808984,0.1651984981,0.2816761993,0.09763562636
0.00965,0.09756890678,0.0002261657632,0.0002273062647,0.9997715753,0.3305014997,0.09729168039,0.9971586605,2.686903797,0.1042730688,-0.03891453831,-1.804953225e-30,1.061787829e-05,0,1.465620568,0,1.118448008e-06,2.220446049e-16,5.007669015e-06,4.194598959e-13,0.004036787114,4.200539642e-07,2.747508789e-07,2.401246004e-07,2.055721043e-07,0.0002261657632,0.08330720704,0.1028705876,0.1188018973,0.1502807318,0.1651984721,0.2817437727,0.09756890678
0.0097,0.0975022363,0.0002260009684,0.0002271414683,0.9997717396,0.3304980945,0.09722540903,0.9971608111,2.686905748,0.1042724183,-0.03913557711,-1.815205555e-30,1.06178849e-05,0,1.466112072,0,1.118980851e-06,4.440892099e-16,5.006615431e-06,4.194594473e-13,0.004033998573,4.200532673e-07,2.747504278e-07,2.401242404e-07,2.055718945e-07,0.0002260009684,0.08330707169,0.1028704088,0.1188017147,0.1502805652,0.1651984461,0.2818112968,0.0975022363
0.00975,0.09743561465,0.0002258366324,0.0002269771305,0.9997719034,0.3304946913,0.09715918282,0.9971629282,2.68690771,0.1042717642,-0.03935074465,-1.825185562e-30,1.061789154e-05,0,1.466603222,0,1.119510447e-06,2.220446049e-16,5.005573043e-06,4.194589986e-13,0.004031211984,4.200525705e-07,2.747499767e-07,2.401238804e-07,2.055716848e-07,0.0002258366324,0.08330693634,0.1028702301,0.1188015322,0.1502803986,0.1651984201,0.2818787715,0.09743561465
0.0098,0.09736904183,0.0002256726426,0.000226813139,0.9997720668,0.3304912903,0.09709300185,0.9971650128,2.686909683,0.1042711065,-0.03956024673,-1.83490279e-30,1.061789823e-05,0,1.467094019,0,1.120036827e-06,2.220446049e-16,5.00454203e-06,4.194585499e-13,0.004028427336,4.200518738e-07,2.747495256e-07,2.401235204e-07,2.055714751e-07,0.0002256726426,0.08330680099,0.1028700513,0.1188013496,0.150280232,0.1651983941,0.2819461971,0.09736904183
0.00985,0.0973025177,0.0002255090387,0.0002266495334,0.9997722299,0.3304878915,0.09702686605,0.9971670656,2.686911666,0.1042704454,-0.03976382346,-1.844345186e-30,1.061790495e-05,0,1.467584464,0,1.12056002e-06,2.220446049e-16,5.00352206e-06,4.194581013e-13,0.004025644799,4.200511771e-07,2.747490745e-07,2.401231604e-07,2.055712654e-07,0.0002255090387,0.08330666565,0.1028698726,0.118801167,0.1502800654,0.165198368,0.2820135736,0.0973025177
0.0099,0.09723604215,0.0002253458167,0.0002264863097,0.9997723926,0.3304844949,0.09696077542,0.9971690875,2.686913659,0.104269781,-0.03996147484,-1.853512749e-30,1.06179117e-05,0,1.468074557,0,1.121080052e-06,2.220446049e-16,5.00251317e-06,4.194576526e-13,0.00402286642,4.200504805e-07,2.747486234e-07,2.401228005e-07,2.055710557e-07,0.0002253458167,0.0833065303,0.1028696938,0.1188009844,0.1502798988,0.165198342,0.2820809011,0.09723604215
0.00995,0.09716961505,0.0002251829917,0.0002263234829,0.9997725549,0.3304811004,0.0968947299,0.9971710791,2.686915662,0.1042691133,-0.04015320086,-1.862405479e-30,1.061791848e-05,0,1.468564299,0,1.121596951e-06,2.220446049e-16,5.001515074e-06,4.19457204e-13,0.004020090855,4.20049784e-07,2.747481723e-07,2.401224405e-07,2.05570846e-07,0.0002251829917,0.08330639495,0.1028695151,0.1188008018,0.1502797322,0.165198316,0.2821481798,0.09716961505
0.01,0.09710323655,0.0002250203273,0.0002261608169,0.9997727171,0.3304777083,0.09682872971,0.9971730413,2.686917675,0.1042684424,-0.04033900152,-1.871023377e-30,1.06179253e-05,0,1.469053691,0,1.122110752e-06,2.220446049e-16,5.000527971e-06,4.194567553e-13,0.004017318318,4.200490875e-07,2.747477212e-07,2.401220805e-07,2.055706363e-07,0.0002250203273,0.0833062596,0.1028693363,0.1188006193,0.1502795656,0.16519829,0.2822154098,0.09710323655
