t_s,P_up,P_down,P_F2,P_F3,P_n0,P_target,P_n0_given_up,P_trapped,P_up_absolute,P_n0_absolute,P_target_absolute,nbar,fractional_energy_reduction,cooling_rate_quanta_per_s,cooling_power_W,T_equiv_K,photons_spin_pump,photons_repump,photons_raman_scatter,overflow,trace_plus_overflow_minus_1,boundary_population,min_eigenvalue,raman_coherence_l1,"P|2,-2>","P|2,-1>","P|2,+0>","P|2,+1>","P|2,+2>","P|3,-3>","P|3,-2>","P|3,-1>","P|3,+0>","P|3,+1>","P|3,+2>","P|3,+3>"
0,0.08333333333,0.08333333333,0.4166666667,0.5833333333,0.3039386505,0.02532822087,0.3039386505,1,0.08333333333,0.3039386505,0.02532822087,1.745632335,0,2814.504848,1.305437459e-25,7.41777566e-06,0,0,0,0,-1.110223025e-16,0.1828621994,0.006920722583,0,0.08333333333,0.08333333333,0.08333333333,0.08333333333,0.08333333333,0.08333333333,0.08333333333,0.08333333333,0.08333333333,0.08333333333,0.08333333333,0.08333333333
2.5e-05,0.1709805306,0.1022320401,0.4112458258,0.5887541742,0.3110022313,0.05267128691,0.3080542956,0.968612046,0.1656138016,0.3012405076,0.05101804298,1.665684661,0.04579869,2448.968959,1.135892808e-25,7.144393413e-06,0.8488733727,0.6882287428,0,0.03138795395,-1.110223025e-16,0.1563375647,0.002596888204,0.008899856169,0.05100791362,0.06977729947,0.08733702045,0.1008915522,0.1022320401,0.03449770251,0.0454898647,0.06018574034,0.07288694975,0.09026581113,0.1144475752,0.1709805306
5e-05,0.2658749432,0.1213469068,0.3753772952,0.6246227048,0.3169519887,0.08445229007,0.3176391466,0.9474619109,0.2519063818,0.3002999368,0.08001532813,1.611581283,0.07679226005,2142.933961,9.939461529e-26,6.959170405e-06,1.541205211,1.313089627,0,0.05253808915,0,0.1395973399,0.001026564853,0.0269458612,0.03010923975,0.04864916504,0.07425822363,0.10101376,0.1213469068,0.0151229167,0.02758588529,0.04526542164,0.06103548084,0.08459933465,0.1251387225,0.2658749432
7.5e-05,0.3536358936,0.1346368046,0.3397146412,0.6602853588,0.3250800305,0.1169829585,0.3308005793,0.9324958845,0.3297640153,0.3031357906,0.1090861273,1.567241094,0.1021929064,1896.399856,8.795974937e-26,6.807229945e-06,2.111865433,1.853121557,0,0.06750411551,0,0.1288833469,0.0004293167339,0.04778259352,0.0175810301,0.03307676302,0.06015093122,0.09426911231,0.1346368046,0.007063523376,0.01726205618,0.0339523066,0.0499616956,0.07507500228,0.1233348812,0.3536358936
0.0001,0.4284945954,0.1415515008,0.308892943,0.691107057,0.3369945627,0.1484785029,0.346511962,0.9214982961,0.3948570395,0.3105399154,0.1368226875,1.525739016,0.1259677166,1709.366643,7.928468304e-26,6.664890623e-06,2.584770534,2.31949008,0,0.07850170392,-2.220446049e-16,0.1214961589,0.0001900843293,0.06754143132,0.01032570157,0.02284303892,0.04845574666,0.08571695507,0.1415515008,0.003512230949,0.01109039818,0.02570472703,0.04099218322,0.06562130341,0.1156916188,0.4284945954
0.000125,0.4894993636,0.1436268668,0.2832611328,0.7167388672,0.35285015,0.1783679152,0.3643884518,0.9131658601,0.4469941073,0.3222107107,0.1628794907,1.484510771,0.1495856598,1581.834323,7.336941631e-26,6.52336339e-06,2.9820743,2.727333537,0,0.0868341399,-1.110223025e-16,0.1162695811,8.896413646e-05,0.08405470699,0.006181239447,0.01629541742,0.03958705161,0.07757055748,0.1436268668,0.001851787483,0.007374603627,0.0198961647,0.03420122137,0.05758845986,0.1063272666,0.4894993636
0.00015,0.5380850385,0.1425914486,0.2622093942,0.7377906058,0.3718194316,0.2067283846,0.3841927758,0.9066877962,0.4878751377,0.337124141,0.1874381034,1.443002287,0.1733641399,1620.220566,7.514986592e-26,6.380737435e-06,3.322466644,3.089937617,0,0.09331220385,-2.220446049e-16,0.1123658823,4.393365601e-05,0.09698124851,0.003817178342,0.01211406714,0.03310984166,0.07057685842,0.1425914486,0.001031867598,0.005118805573,0.01587534535,0.02920521414,0.05118471781,0.09728961686,0.5380850385
0.000175,0.576861074,0.1394913924,0.244609017,0.755390983,0.3926418816,0.2338018656,0.4053001253,0.9015358712,0.520060951,0.3539807408,0.2107807686,1.401814974,0.1969586347,1617.37049,7.501767227e-26,6.239069929e-06,3.620491741,3.417598148,0,0.09846412877,0,0.1093304334,2.288807321e-05,0.1060917366,0.002459739885,0.009421385466,0.02843754812,0.06479895108,0.1394913924,0.0006075525116,0.003731739355,0.01310307908,0.02555361466,0.04618525039,0.089348673,0.576861074
0.0002,0.608193685,0.1352117894,0.2296424383,0.7703575617,0.414072283,0.2598042347,0.4271735158,0.8973531178,0.5457644995,0.3715690541,0.23313614,1.361543688,0.2200283759,1579.42745,7.325777957e-26,6.100403443e-06,3.886843048,3.717788322,0,0.1026468822,0,0.1068869679,1.260783897e-05,0.1120584265,0.001670533731,0.007660990032,0.02505010007,0.06004902511,0.1352117894,0.0003791531008,0.002864323193,0.01117786744,0.02285670743,0.04226675613,0.08261906937,0.608193685
0.000225,0.6340344837,0.130299173,0.2166482114,0.7833517886,0.4351495811,0.2848541206,0.4492722839,0.8938910919,0.566757777,0.3889763342,0.2546285609,1.322671719,0.2422965066,1516.482696,7.033824509e-26,5.966404762e-06,4.129141536,3.995908998,0,0.1061089081,0,0.1048326837,7.374312911e-06,0.1157365874,0.001203653966,0.006485051448,0.02255108051,0.05610925245,0.130299173,0.0002519858623,0.00231023968,0.009817624132,0.0208221404,0.03914685664,0.07696845817,0.6340344837
0.00025,0.6560111116,0.1250062798,0.2050251148,0.7949748852,0.4552777512,0.3089489252,0.4709507503,0.8909725714,0.584487907,0.4056399887,0.2752650184,1.285688541,0.2634826278,1439.877071,6.678508535e-26,5.838770159e-06,4.352718625,4.255726058,0,0.1090274286,-1.110223025e-16,0.1030644532,4.599674632e-06,0.1177228986,0.0009212418872,0.005676978229,0.02065588573,0.05276472921,0.1250062798,0.000178959811,0.001946843342,0.00883099597,0.01923976412,0.03659007006,0.07217714026,0.6560111116
0.000275,0.6752113745,0.1195803534,0.194441613,0.805558387,0.4741928768,0.3320651471,0.4917943619,0.888468693,0.5999041674,0.4213055255,0.2950294872,1.250787352,0.2834760641,1359.718609,6.306713623e-26,5.718180349e-06,4.561238681,4.499853358,0,0.111531307,-2.220446049e-16,0.1014882497,3.065780112e-06,0.1186334526,0.0007455947989,0.005101405,0.0191658077,0.04984845202,0.1195803534,0.0001357126639,0.001700573025,0.008089877663,0.01796209319,0.03442604329,0.06803271267,0.6752113745
0.0003,0.6922581453,0.1142635647,0.1847756805,0.8152243195,0.4918655977,0.3541608489,0.5116022849,0.8862843231,0.6135375417,0.4359327683,0.3138872082,1.217896418,0.3023179091,1282.590788,5.948975573e-26,5.604403138e-06,4.757231567,4.730224303,0,0.1137156769,-1.110223025e-16,0.1000565257,2.179312354e-06,0.1188668996,0.0006325142278,0.004673612155,0.01794881583,0.04725717365,0.1142635647,0.0001092311487,0.001526880516,0.007510075808,0.01689259745,0.03254791298,0.06437947624,0.6922581453
0.000325,0.7074981367,0.1092361394,0.1759889696,0.8240110304,0.5083943386,0.3752031889,0.5303239252,0.8843483788,0.6256748302,0.4495977091,0.3318103319,1.186809467,0.3201263276,1212.855738,5.625527042e-26,5.496739855e-06,4.942508,4.948390949,0,0.1156516212,-1.110223025e-16,0.09872604324,1.642400304e-06,0.1187607032,0.0005565993238,0.004341027194,0.0169218196,0.04493338406,0.1092361394,9.238164391e-05,0.001398663343,0.007038015292,0.01597225462,0.03089225758,0.06111932122,0.7074981367
0.00035,0.7211828193,0.10456944,0.1680197607,0.8319802393,0.5239241683,0.3952016518,0.547990941,0.8826072428,0.6365211797,0.4624192656,0.3488078403,1.157308348,0.3370262889,1152.176461,5.344081439e-26,5.39444805e-06,5.118438041,5.155667139,0,0.1173927572,-1.110223025e-16,0.0974721212,1.301189729e-06,0.118435363,0.000503121551,0.004071490807,0.01603404338,0.04284166497,0.10456944,8.117192114e-05,0.001299477758,0.006640661465,0.01516567146,0.02941906756,0.05819136982,0.7211828193
0.000375,0.7334986625,0.100286996,0.1608057352,0.8391942648,0.5385949798,0.4141808254,0.5646647316,0.8810201832,0.646227126,0.4745130478,0.3649016667,1.129187042,0.3531358126,1099.473468,5.09963183e-26,5.296824543e-06,5.286112753,5.353189424,0,0.1189798168,-2.220446049e-16,0.09627401673,1.073913977e-06,0.1179334899,0.0004634829534,0.003845481428,0.01525393971,0.04095583508,0.100286996,7.333174412e-05,0.001219399858,0.006297818456,0.01445054301,0.02810071491,0.05555379438,0.7334986625
0.0004,0.7446167964,0.09636879921,0.1542660434,0.8457339566,0.5525186684,0.4321856238,0.580413477,0.8795560728,0.6549322252,0.4859711501,0.38013149,1.102284924,0.3685469149,1052.88351,4.883535997e-26,5.20332123e-06,5.446435206,5.541946319,0,0.1204439272,-1.110223025e-16,0.09511739093,9.157777189e-07,0.1173070032,0.000432634305,0.003651070196,0.01456094593,0.03925259377,0.09636879921,6.755403273e-05,0.0011524423,0.005996901697,0.01381167067,0.02691548648,0.05317310502,0.7446167964
0.000425,0.7547026112,0.09277179597,0.1483095131,0.8516904869,0.5657757907,0.4492726036,0.5952975343,0.8781910132,0.6627730508,0.4968592149,0.394547163,1.07648437,0.3833269764,1010.751073,4.688115261e-26,5.113537616e-06,5.600167608,5.722788739,0,0.1218089868,-1.110223025e-16,0.09399204848,8.014081488e-07,0.1165571958,0.0004075863314,0.003480752709,0.01394036265,0.03770901541,0.09277179597,6.30781929e-05,0.001094950107,0.005729628607,0.01323737091,0.0258444716,0.05101837634,0.7547026112
0.00045,0.7639002785,0.08945579636,0.142856071,0.857143929,0.5784212775,0.4654975092,0.6093694718,0.8769065825,0.6698691826,0.5072214257,0.4081978299,1.051696036,0.3975271798,971.9017725,4.507922527e-26,5.02717029e-06,5.747957054,5.896443502,0,0.1230934175,0,0.09289052901,7.158986717e-07,0.1157174621,0.0003865430463,0.003329540096,0.01338073933,0.03630345218,0.08945579636,5.945630288e-05,0.001044620343,0.005490084558,0.01271795853,0.02487114361,0.04906038714,0.7639002785
0.000475,0.7723354734,0.08638335934,0.1378351382,0.8621648618,0.5904938016,0.4809165212,0.6226782762,0.8756885292,0.6763253148,0.5170886486,0.4211330811,1.027849415,0.4111879148,935.5593984,4.339357542e-26,4.943980526e-06,5.890354194,6.063531448,0,0.1243114708,0,0.09180753167,6.501432189e-07,0.1148181375,0.0003683978041,0.003193897574,0.01287277872,0.03501670477,0.08638335934,5.642003893e-05,0.0009999272691,0.005273747405,0.01224529612,0.02398143141,0.04727256612,0.7723354734
0.0005,0.7801158091,0.08352148411,0.1331861039,0.8668138961,0.6020234761,0.4955799161,0.635264547,0.874525792,0.6822313958,0.5264850572,0.4333974186,1.004886614,0.4243423463,901.3123761,4.180511322e-26,4.863772874e-06,6.027828692,6.224583833,0,0.125474208,0,0.09073855909,5.983534338e-07,0.1138645521,0.0003524434529,0.00307118047,0.01240881094,0.03383218489,0.08352148411,5.380456566e-05,0.0009598008352,0.005077015708,0.01181256176,0.02316342267,0.04563148146,0.7801158091
0.000525,0.7873296418,0.08084441381,0.1288602755,0.8711397245,0.6130371969,0.5095344397,0.6471678604,0.8734097564,0.6876613906,0.5354326688,0.4450323508,0.9827590008,0.4370183338,868.9394486,4.03035762e-26,4.786383664e-06,6.160782441,6.380057276,0,0.1265902436,-1.110223025e-16,0.08968082215,5.567062452e-07,0.1128864957,0.0003382075547,0.002959331279,0.01198247603,0.0327358468,0.08084441381,5.150507943e-05,0.0009234508844,0.004896960857,0.01141405841,0.02240713423,0.04411697331,0.7873296418
0.00055,0.7940475014,0.07833256965,0.1248195608,0.8751804392,0.6235615026,0.5228228271,0.658427646,0.872333689,0.6926743861,0.5439537058,0.4560759655,0.9614208413,0.4492420759,838.3077842,3.88828033e-26,4.711658885e-06,6.289561379,6.530348855,0,0.127666311,2.220446049e-16,0.08863240473,5.225874018e-07,0.1119042354,0.0003253593172,0.002856712213,0.01158854886,0.03171637074,0.07833256965,4.945209333e-05,0.0008902706144,0.004731187033,0.01104511306,0.02170455536,0.04271235969,0.7940475014
0.000575,0.800324691,0.07597158063,0.1210347834,0.8789652166,0.6336230057,0.5354833675,0.669082653,0.8712923051,0.6973167448,0.5520708492,0.4665625376,0.9408288565,0.4610383656,809.3288556,3.75386884e-26,4.639452653e-06,6.414466218,6.675808355,0,0.1287076949,0,0.08759197469,4.941551394e-07,0.1109370037,0.0003136572153,0.00276201149,0.01122280845,0.03076472557,0.07597158063,4.759743838e-05,0.0008597832082,0.004577750528,0.01070197289,0.02104928276,0.04140413883,0.800324691
0.0006,0.8062067026,0.0737485502,0.117481284,0.882518716,0.6432482026,0.5475529544,0.6791719204,0.8702814379,0.7016267283,0.5598069706,0.4765251725,0.9209418358,0.4724308108,781.9238416,3.626757558e-26,4.56962588e-06,6.535761517,6.816748216,0,0.1297185621,-2.220446049e-16,0.08655838223,4.700798487e-07,0.1099815654,0.0003029192721,0.002674180663,0.01088187981,0.02987375405,0.0737485502,4.590633856e-05,0.000831610631,0.004435090535,0.010381651,0.02043622891,0.04018152603,0.8062067026
0.000625,0.8117306553,0.07165260699,0.1141387171,0.8858612829,0.6524627063,0.5590652565,0.6887324666,0.8692977849,0.7056356606,0.5671843853,0.4859941891,0.9017207619,0.4834417629,756.0013795,3.506522722e-26,4.502046736e-06,6.653682893,6.953450566,0,0.1307022151,-4.440892099e-16,0.08553088826,4.493829678e-07,0.1090343437,0.0002930054772,0.002592383203,0.01056306157,0.02903765984,0.07165260699,4.435286059e-05,0.0008054524289,0.00430195884,0.01008175709,0.01986126869,0.03903583769,0.8117306553
0.00065,0.8169264866,0.06967540145,0.1109909279,0.8890090721,0.661290614,0.5700519246,0.6978007617,0.8683387118,0.709368893,0.5742242399,0.4949981539,0.8831301291,0.4940915614,731.4505347,3.392649788e-26,4.436595314e-06,6.768442487,7.086172276,0,0.1316612882,-2.220446049e-16,0.08450929931,4.313334998e-07,0.1081131831,0.0002838065767,0.002515949088,0.01026416291,0.02825160789,0.06967540145,4.291720053e-05,0.0007810691387,0.004177351693,0.009800341544,0.01932096851,0.03795993737,0.8169264866
0.000675,0.8218211601,0.06780806033,0.1080224953,0.8919775047,0.6697542964,0.580543194,0.7064106185,0.8674021017,0.7128494015,0.5809462843,0.5035643866,0.8651371875,0.5043989677,708.1575851,3.284611285e-26,4.373161024e-06,6.88023299,7.215148762,0,0.1325978983,-3.330669074e-16,0.08349356697,4.153791281e-07,0.1072185094,0.0002752362808,0.002444335144,0.009983370633,0.02751149294,0.06780806033,4.158396285e-05,0.0007582684019,0.004060449031,0.009535776932,0.01881242803,0.03694783817,0.8218211601
0.0007,0.8264381648,0.06604278726,0.1052199319,0.8947800681,0.6778743217,0.5905669737,0.7145930559,0.8664862393,0.7160972975,0.5873687718,0.5117181561,0.8477118987,0.5143811893,686.0146298,3.181906743e-26,4.311642474e-06,6.989230526,7.34059637,0,0.1335137607,0,0.08248353031,4.010988707e-07,0.1063522462,0.0002672254899,0.00237709247,0.009719143519,0.02681368315,0.06604278726,4.034098967e-05,0.0007368934115,0.003950565425,0.009286664652,0.01833309601,0.03599434282,0.8264381648
0.000725,0.8307987968,0.06437208167,0.1025707307,0.8974292693,0.6856696352,0.6001498127,0.7223768438,0.8655897217,0.7191308993,0.5935085887,0.5194835093,0.8308267591,0.5240539819,664.9269082,3.084096637e-26,4.251946898e-06,7.095596829,7.462714595,0,0.1344102783,-2.220446049e-16,0.08147915951,3.881696271e-07,0.1055108906,0.0002597179138,0.002313841723,0.009470143695,0.02615494574,0.06437208167,3.917851982e-05,0.0007168137638,0.003847114344,0.009051779977,0.01788071396,0.03509487188,0.8307987968
0.00075,0.8349221736,0.06278911204,0.1000636003,0.8999363997,0.6931577339,0.6093165697,0.7297884629,0.864711389,0.7219667124,0.5993813869,0.5268829773,0.8144565022,0.5334318197,644.8136856,2.9908065e-26,4.193989138e-06,7.199480945,7.581687838,0,0.135288611,-2.220446049e-16,0.08048068961,3.763419973e-07,0.1046893018,0.0002526667969,0.002254255797,0.009235191626,0.02553237405,0.06278911204,3.80885713e-05,0.000697918702,0.003749584283,0.00883003626,0.01745325907,0.03424533921,0.8349221736
0.000775,0.8388246847,0.06128847193,0.09768914887,0.9023108511,0.7003548352,0.6180904335,0.7368529382,0.8638502711,0.7246189312,0.6050017143,0.5339375886,0.7985778538,0.5425280355,625.6032381,2.901703659e-26,4.137690816e-06,7.301020614,7.697686996,0,0.1361497289,0,0.07948841887,3.654224965e-07,0.1038985381,0.0002460325363,0.002198047978,0.009013235673,0.02494336076,0.06128847193,3.70644892e-05,0.0006801123644,0.003657522823,0.008620460375,0.01704892341,0.033442083,0.8388246847
0.0008,0.8425220127,0.05986432608,0.09543796945,0.9045620306,0.7072760373,0.6264931998,0.7435926781,0.8630055462,0.7271011698,0.6103831429,0.5406671061,0.7831688723,0.5513551987,607.233327,2.816499435e-26,4.082978023e-06,7.400343467,7.810870843,0,0.1369944538,-2.220446049e-16,0.07850251727,3.552602989e-07,0.1031305873,0.0002397809851,0.002144963956,0.008803333912,0.02438556451,0.05986432608,3.61006192e-05,0.0006633105158,0.003570526052,0.0084221795,0.01666608607,0.03268181505,0.8425220127
0.000825,0.8460281269,0.05851164206,0.09330178573,0.9066982143,0.7139354348,0.6345451084,0.7500283834,0.8621765096,0.7294255775,0.6155383613,0.5470898867,0.7682091343,0.559925009,589.6506392,2.73494655e-26,4.029782e-06,7.497568028,7.921387102,0,0.1378234904,-1.110223025e-16,0.07752310732,3.457372604e-07,0.1023837886,0.000233882264,0.002094776318,0.008604637525,0.02385684756,0.05851164206,3.519207515e-05,0.0006474383133,0.003488231203,0.008234405754,0.01630326732,0.03196155267,0.8460281269
0.00085,0.8493555129,0.05722601165,0.09127325803,0.908726742,0.7203462435,0.6422651714,0.7561794344,0.8613625487,0.7316030294,0.6204792763,0.553223165,0.7536796484,0.5682483458,572.8083246,2.656827699e-26,3.978038854e-06,7.592804607,8.029373568,0,0.1386374513,-1.110223025e-16,0.07655047542,3.367603563e-07,0.1016614835,0.000228309926,0.002047280517,0.008416379034,0.0233552769,0.05722601165,3.433457501e-05,0.0006324287374,0.003410311003,0.008056425992,0.01595913063,0.03127859813,0.8493555129
0.000875,0.8525155993,0.05600333675,0.0893456276,0.9106543724,0.7265209006,0.6496711829,0.7620636895,0.8605631241,0.7336434874,0.6252170959,0.5590830628,0.7395625535,0.576335441,556.6632455,2.5819428e-26,3.927688505e-06,7.686156075,8.134959016,0,0.1394368759,2.220446049e-16,0.07558498303,3.28255919e-07,0.1009612212,0.0002230403595,0.002002291775,0.008237862464,0.02287909625,0.05600333675,3.352432451e-05,0.0006182214355,0.003336469159,0.007887593002,0.01563246238,0.03063050283,0.8525155993
0.0009,0.8555186357,0.05484003511,0.08751289249,0.9124871075,0.7324711213,0.6567798185,0.7676978514,0.8597777545,0.7355558915,0.6297623759,0.5646846775,0.7258409074,0.5841960001,541.1752037,2.510105404e-26,3.878673953e-06,7.77771854,8.238264001,0,0.1402222455,2.220446049e-16,0.07462684669,3.201652324e-07,0.1002871721,0.000218052344,0.001959642507,0.008068454288,0.02242670824,0.05484003511,3.275793282e-05,0.0006047618149,0.00326643645,0.007727317084,0.01532215986,0.03001503869,0.8555186357
0.000925,0.8583746236,0.05373222317,0.08576894717,0.9142310528,0.73820794,0.6636067937,0.7730969387,0.8590060058,0.7373489569,0.634125054,0.5700422213,0.7124985273,0.5918392935,526.3078681,2.441146998e-26,3.830940711e-06,7.867581944,8.339401509,0,0.1409939942,4.440892099e-16,0.07367619871,3.12441156e-07,0.09963190526,0.0002133267059,0.001919180148,0.007907576075,0.02199664107,0.05373222317,3.203234942e-05,0.0005920002924,0.003199967372,0.007575059503,0.01502720659,0.02943016313,0.8583746236
0.00095,0.8610924757,0.05267664333,0.08410847837,0.9158915216,0.7437417316,0.6701668025,0.778275065,0.8582474821,0.739030449,0.6383144684,0.5751689708,0.6995203466,0.5992739522,512.0275653,2.374911397e-26,3.784438102e-06,7.955830565,8.43847753,0,0.1417525179,2.220446049e-16,0.07273326897,3.050455319e-07,0.09899524622,0.000208846039,0.001880765237,0.0077546963,0.02158752746,0.05267664333,3.134481479e-05,0.000579891655,0.003136837107,0.007430324172,0.01474665854,0.02887398969,0.8610924757
0.000975,0.8636802389,0.05167044508,0.08252674753,0.9174732525,0.7490822318,0.6764736443,0.7832454812,0.8575018186,0.7406073755,0.642339376,0.5800773802,0.6868922447,0.6065080654,498.3019435,2.311248544e-26,3.739118664e-06,8.042543474,8.535591647,0,0.1424981814,4.440892099e-16,0.07179835579,2.979471919e-07,0.09837959551,0.0002045944718,0.00184426976,0.007609325024,0.0211981132,0.05167044508,3.069282068e-05,0.0005683945079,0.003076838897,0.007292653218,0.01447965123,0.02834478288,0.8636802389
0.001,0.8661456186,0.05071073319,0.08101911146,0.9189808885,0.7542385864,0.6825402694,0.7880202298,0.8567686763,0.7420864351,0.6462079953,0.5847791232,0.6746007432,0.6135493543,485.100206,2.250015596e-26,3.694937075e-06,8.127794929,8.630837492,0,0.1432313237,2.220446049e-16,0.07087166618,2.911204223e-07,0.0977829075,0.0002005574724,0.001809575782,0.007471009614,0.0208272354,0.05071073319,3.007407709e-05,0.0005574708052,0.003019781951,0.007161623381,0.01422538331,0.02784093645,0.8661456186
0.001025,0.8684957408,0.04979484814,0.07958128705,0.9204187129,0.7592193943,0.6883788171,0.7926104698,0.8560477378,0.7434738143,0.649928045,0.5892851292,0.6626330302,0.6204051582,472.3945405,2.191083555e-26,3.651850248e-06,8.211654735,8.724303158,0,0.1439522622,-1.110223025e-16,0.06995329972,2.845437812e-07,0.09720381309,0.0001967216846,0.001776574307,0.007339330484,0.02047381244,0.04979484814,2.948648487e-05,0.0005470854574,0.002965489682,0.007036841962,0.01398310969,0.02736095883,0.8684957408
0.00105,0.8707373488,0.04892021501,0.0782091834,0.9217908166,0.7640327637,0.6940007234,0.7970264791,0.8553387042,0.7447753557,0.6535067941,0.5936056794,0.6509769359,0.6270824487,460.1602926,2.134338065e-26,3.609817255e-06,8.294188562,8.816071574,0,0.1446612958,0,0.06904339266,2.781991876e-07,0.09664145154,0.0001930747906,0.001745164332,0.007213897847,0.02013683142,0.04892021501,2.892811275e-05,0.0005372060043,0.002913798262,0.006917943878,0.01375213238,0.02690345913,0.8707373488
0.001075,0.8728764947,0.0480846639,0.07689921873,0.9231007813,0.7686863475,0.6994167416,0.8012780111,0.8546412921,0.7459962953,0.6569510933,0.5977504278,0.6396210726,0.6335877495,448.3738981,2.079669832e-26,3.568799841e-06,8.375458234,8.906220876,0,0.1453587079,-1.110223025e-16,0.06814216715,2.720712164e-07,0.09609737304,0.0001896053974,0.001715252049,0.007094348585,0.0198153488,0.0480846639,2.839717819e-05,0.0005278023432,0.002864555369,0.006804588625,0.01353180176,0.02646714134,0.8728764947
0.0011,0.8749188777,0.04728609186,0.07564798322,0.9243520168,0.7731873685,0.7046369926,0.8053740873,0.8539552318,0.747141553,0.6602673985,0.6017284464,0.6285545958,0.6399272727,437.0124592,2.026972648e-26,3.528761577e-06,8.455521998,8.99482476,0,0.1460447682,2.220446049e-16,0.06724979395,2.661465536e-07,0.09557083858,0.0001863029415,0.001686750176,0.006980344547,0.0195084937,0.04728609186,2.789203136e-05,0.0005188465013,0.002817619157,0.006696459138,0.01332151897,0.02605080328,0.8749188777
0.001125,0.8768700373,0.04652232936,0.07445208192,0.9255479181,0.777542639,0.709670998,0.809322896,0.8532802655,0.7482158982,0.6634617894,0.6055482576,0.6177670598,0.6461070024,426.0547153,1.976147902e-26,3.489667341e-06,8.534434765,9.081952745,0,0.1467197345,2.220446049e-16,0.06636633248,2.604135749e-07,0.09505868071,0.0001831576089,0.001659577409,0.006871570574,0.01921544696,0.04652232936,2.74111418e-05,0.0005103124435,0.002772857422,0.006593259929,0.01312072008,0.0256533198,0.8768700373
0.00115,0.8787350464,0.04579145978,0.0733084499,0.9266915501,0.7817585782,0.7145277018,0.813132132,0.852616146,0.7492236887,0.666539986,0.6092178553,0.607248574,0.6521326045,415.4812592,1.927105579e-26,3.451483895e-06,8.612248337,9.167670446,0,0.147383854,4.440892099e-16,0.06549185013,2.54862018e-07,0.09455919409,0.000180160267,0.001633657925,0.006767732237,0.01893543969,0.04579145978,2.695308705e-05,0.0005021759077,0.002730146809,0.006494714742,0.01292887574,0.02527363738,0.8787350464
0.001175,0.8805185599,0.04509177812,0.0722143092,0.9277856908,0.7858412425,0.7192155215,0.8168090422,0.851962636,0.7501689133,0.6695073764,0.6127447516,0.5969897894,0.6580094346,405.274075,1.879762115e-26,3.414179841e-06,8.689011612,9.252039843,0,0.148037364,4.440892099e-16,0.06462648327,2.494827284e-07,0.09407467747,0.0001773024064,0.001608920938,0.006668554287,0.01866775345,0.04509177812,2.651654302e-05,0.0004944142593,0.002689372103,0.006400565173,0.01274549158,0.02491077125,0.8805185599
0.0012,0.8822248646,0.04442174766,0.07116712317,0.9288328768,0.789796354,0.7237423823,0.8203604448,0.8513195065,0.7510552363,0.6723690423,0.6161360077,0.5869818435,0.6637425696,395.415554,1.834035839e-26,3.377725436e-06,8.76477077,9.335119529,0,0.1486804935,4.440892099e-16,0.06377035516,2.442674609e-07,0.09360616669,0.0001745760888,0.001585300305,0.006573779275,0.01841171984,0.04442174766,2.610027558e-05,0.0004870063626,0.002650425596,0.006310569452,0.01257010808,0.02456380247,0.8822248646
0.001225,0.8838581629,0.04377973418,0.07016432406,0.9298356759,0.793629332,0.7281157598,0.8237925387,0.8506865366,0.7518862394,0.6751297878,0.6193982739,0.5772162083,0.669336895,385.8891918,1.789850199e-26,3.342092037e-06,8.839569459,9.416964924,0,0.1493134634,4.440892099e-16,0.06292350526,2.392087231e-07,0.09315157593,0.0001719739025,0.001562734183,0.006483166557,0.01816671524,0.04377973418,2.570313321e-05,0.0004799324655,0.002613206543,0.006224501706,0.01240229651,0.02423187273,0.8838581629
0.00125,0.8854224474,0.04316416754,0.06920346014,0.9307965399,0.7973453098,0.7323427107,0.8271110732,0.8500635126,0.7526653158,0.6777941548,0.6225378172,0.567684707,0.6747970947,376.6801537,1.747136386e-26,3.307252179e-06,8.91344895,9.497628449,0,0.1499364874,2.220446049e-16,0.06208594287,2.342996544e-07,0.09270799189,0.0001694889207,0.00154116471,0.006396490794,0.01793214817,0.04316416754,2.532404049e-05,0.0004731740954,0.00257762067,0.006142150332,0.0122416497,0.0239141736,0.8854224474
0.001275,0.8869212955,0.04257374209,0.06828239922,0.9317176008,0.8009491493,0.7364298905,0.830321579,0.8494502281,0.7533954967,0.6803664376,0.6255605385,0.5583795918,0.6801276073,367.7743903,1.705829237e-26,3.273179854e-06,8.986448293,9.577159732,0,0.1505497719,4.440892099e-16,0.0612577329,2.295339289e-07,0.09227638178,0.0001671146657,0.001520537711,0.006313540601,0.01770746416,0.04257374209,2.496199225e-05,0.0004667139652,0.00254357967,0.00606331665,0.01208778621,0.02360994682,0.8869212955
0.0013,0.8883580515,0.04200723411,0.0673991464,0.9326008536,0.8044454511,0.7403835772,0.8334292417,0.8488464825,0.7540796072,0.6828506915,0.6284719952,0.5492934917,0.6853326554,359.1581462,1.66586495e-26,3.239850334e-06,9.058604451,9.655605795,0,0.1511535175,4.440892099e-16,0.06043895506,2.249056786e-07,0.0918577152,0.0001648450753,0.001500802427,0.006234117828,0.01749214695,0.04200723411,2.461604826e-05,0.0004605358862,0.002511000773,0.005987814409,0.01194035128,0.02331848371,0.8883580515
0.001325,0.8897359053,0.04146344084,0.06655177642,0.9334482236,0.8078385687,0.7442096908,0.836438865,0.8482520815,0.7547203337,0.6852507475,0.6312774193,0.5404193363,0.6904162891,350.8181562,1.627181999e-26,3.207239896e-06,9.129952438,9.733011211,0,0.1517479185,4.440892099e-16,0.05962962279,2.204094323e-07,0.09145154484,0.0001626744724,0.001481911275,0.006158036718,0.01728571312,0.04146344084,2.428532845e-05,0.0004546246896,0.002479806371,0.005915469038,0.01179901266,0.02303912019,0.8897359053
0.00135,0.8910579618,0.04094112846,0.06573837479,0.9342616252,0.8111326273,0.7479138191,0.8393548469,0.8476668365,0.7553202837,0.6875702282,0.633981741,0.5317503381,0.6953823968,342.7423642,1.589724464e-26,3.175325763e-06,9.200525437,9.809418242,0,0.1523331635,4.440892099e-16,0.05882971411,2.16040066e-07,0.09105575152,0.0001605975375,0.001463819631,0.006085123042,0.01708770612,0.04094112846,2.396900859e-05,0.0004489661543,0.002449923665,0.005846116806,0.01166345636,0.0227712314,0.8910579618
0.001375,0.8923270622,0.04043922155,0.06495722334,0.9350427767,0.8143315408,0.7515012449,0.8421813892,0.8470905642,0.7558818346,0.6898125643,0.6365896135,0.5232800396,0.7002346777,334.9197356,1.553441164e-26,3.14408628e-06,9.270354911,9.884866974,0,0.1529094358,2.220446049e-16,0.05803923967,2.117927629e-07,0.09066940425,0.0001586092835,0.001446485626,0.006015213052,0.01689769383,0.04043922155,2.366631624e-05,0.0004435469416,0.002421284331,0.005779603697,0.01153338508,0.02251422811,0.8923270622
0.0014,0.8935457644,0.03995681358,0.06420681489,0.9357931851,0.817439029,0.7549769655,0.8449225498,0.8465230865,0.7564071184,0.6919810098,0.6391054311,0.5150022752,0.7049766639,327.3395642,1.518282441e-26,3.113500784e-06,9.339470709,9.959395474,0,0.1534769135,2.220446049e-16,0.05725823261,2.076629806e-07,0.09029447858,0.0001567050325,0.001429869945,0.00594815282,0.01671527351,0.03995681358,2.337652717e-05,0.0004383545333,0.002393824194,0.005715784862,0.01140852214,0.02226755851,0.8935457644
0.001425,0.8947165691,0.03949295091,0.0634856333,0.9365143667,0.8204586271,0.7583457124,0.8475820597,0.84596423,0.7568982134,0.6940786507,0.6415333467,0.5069111074,0.7096117567,319.9914334,1.48419998e-26,3.083549366e-06,9.407901165,10.0330399,0,0.15403577,-1.110223025e-16,0.05648668899,2.036464232e-07,0.08993033463,0.0001548803943,0.00141393566,0.00588379783,0.0165400685,0.03949295091,2.309896193e-05,0.0004333771758,0.002367482956,0.005654524373,0.0112886088,0.02203070536,0.8947165691
0.00145,0.8958418847,0.03904668516,0.06279219907,0.9372078009,0.8233936958,0.7616119636,0.8501633788,0.845413826,0.7573571153,0.6961084147,0.6438772841,0.4990008272,0.7141432265,312.8656618,1.451148876e-26,3.054212885e-06,9.47567319,10.10583462,0,0.154586174,0,0.05572456354,1.997390195e-07,0.08957587427,0.0001531312467,0.001398648074,0.005822012255,0.01637172234,0.03904668516,2.283298283e-05,0.0004286038284,0.002342203952,0.005595694467,0.01117340005,0.02180318096,0.8958418847
0.001475,0.8969239669,0.03861713999,0.06212513383,0.9378748662,0.8262474267,0.7647799563,0.8526697742,0.8448717105,0.7577856861,0.6980730768,0.6461409499,0.4912659888,0.7185741929,305.9532939,1.419087591e-26,3.025473094e-06,9.542812354,10.17781229,0,0.1551282895,-2.220446049e-16,0.05497182772,1.959369026e-07,0.0892296976,0.0001514537176,0.001383974567,0.005762668256,0.0162098973,0.03861713999,2.257799103e-05,0.0004240241152,0.002317933899,0.005539174825,0.01106266362,0.02158452487,0.8969239669
0.0015,0.8979648602,0.03820356816,0.0614832182,0.9385167818,0.8290228536,0.7678537024,0.8551043993,0.8443377236,0.758185606,0.6999752691,0.6483278472,0.4837013985,0.7229076314,299.2456465,1.387975852e-26,2.997312607e-06,9.609342967,10.24900398,0,0.1556622764,-2.220446049e-16,0.05422848032,1.922363947e-07,0.08889228426,0.0001498441679,0.001369884457,0.005705645414,0.016054276,0.03820356816,2.233342397e-05,0.0004196282808,0.002294622662,0.005484852035,0.01095618141,0.02137430374,0.8979648602
0.001525,0.898966481,0.03780526847,0.06086530926,0.9391346907,0.8317228614,0.7708370022,0.8574702378,0.8438117095,0.7585584431,0.7018174895,0.6504412886,0.4763020509,0.7271464092,292.734301,1.357774609e-26,2.969714666e-06,9.675288152,10.31943929,0,0.1561882905,0,0.05349449702,1.886339918e-07,0.08856422055,0.0001482991756,0.001356348867,0.005650830396,0.01590456235,0.03780526847,2.209875286e-05,0.0004154071484,0.002272223043,0.005432619371,0.01085375016,0.02117211131,0.898966481
0.00155,0.8999307257,0.0374214911,0.06027024,0.93972976,0.8343501992,0.7737334617,0.8597700241,0.8432935164,0.7589057462,0.7036021134,0.6524844116,0.4690631035,0.7312933004,286.4114313,1.328447565e-26,2.942663048e-06,9.740669918,10.38914637,0,0.1567064836,0,0.05276981756,1.851263518e-07,0.08824488284,0.000146815522,0.001343340616,0.005598116545,0.01576047621,0.0374214911,2.187348048e-05,0.0004113520821,0.002250690603,0.005382376435,0.01075517742,0.0209775643,0.8999307257
0.001575,0.9008593762,0.03705154087,0.05969691975,0.9403030802,0.8369074884,0.7765465048,0.8620063524,0.8427829962,0.7592289642,0.7053314006,0.65446019,0.4619799284,0.7353509562,280.269871,1.299961478e-26,2.916142264e-06,9.80550922,10.45815206,0,0.1572170038,-1.110223025e-16,0.0520543874,1.817102833e-07,0.08793347583,0.0001453901779,0.001330834103,0.005547403289,0.01562175131,0.03705154087,2.165713903e-05,0.0004074549508,0.002229983482,0.005334028488,0.01066028012,0.02079029991,0.9008593762
0.0016,0.9017540663,0.03669480799,0.05914436604,0.940855634,0.8393972299,0.7792793844,0.8641817249,0.8422800047,0.7595294191,0.7070075027,0.6563714435,0.4550481068,0.7393219078,274.3027027,1.272284265e-26,2.890137539e-06,9.869826021,10.52648194,0,0.1577199953,0,0.05134817614,1.783827364e-07,0.08762963993,0.0001440202909,0.001318805202,0.00549859572,0.01548813684,0.03669480799,2.144928824e-05,0.0004037080956,0.002210062219,0.005287486069,0.01056888598,0.02060997601,0.9017540663
0.001625,0.9026163277,0.03635072383,0.05861165998,0.94138834,0.8418218085,0.7819351895,0.8662985208,0.8417844009,0.7598083447,0.7086324668,0.6582208451,0.4482633776,0.7432085964,268.5030753,1.245384149e-26,2.864634625e-06,9.933639348,10.59416041,0,0.1582155991,0,0.05065114457,1.751407934e-07,0.08733359565,0.0001427031743,0.001307231167,0.005451604319,0.01535939749,0.03635072383,2.124951351e-05,0.0004001042988,0.002190889595,0.005242664795,0.01048083348,0.02043627066,0.9026163277
0.00165,0.9034476464,0.03601871035,0.05809789326,0.9419021067,0.8441834975,0.784516854,0.8683589548,0.8412960476,0.7600669342,0.7102082399,0.6600109285,0.4416216121,0.747013387,262.8644959,1.219231013e-26,2.83961971e-06,9.996967348,10.66121074,0,0.1587039524,2.220446049e-16,0.0499632221,1.719816614e-07,0.08704473052,0.0001414362958,0.001296090543,0.005406344673,0.0152353114,0.03601871035,2.105742425e-05,0.0003966367547,0.002172430499,0.005199485121,0.01039597029,0.02026888023,0.9034476464
0.001675,0.9042494454,0.0356982069,0.05760219139,0.9423978086,0.8464844659,0.7870271658,0.8703651076,0.8408148106,0.7603063262,0.7117366759,0.6617440974,0.4351188368,0.7507385559,257.3810417,1.193797386e-26,2.815079503e-06,10.05982733,10.72765516,0,0.1591851894,0,0.04928433463,1.689026648e-07,0.08676301526,0.000140217268,0.001285363087,0.005362737073,0.01511566705,0.0356982069,2.087265231e-05,0.0003932990442,0.002154651794,0.005157871906,0.01031415105,0.02010751675,0.9042494454
0.0017,0.9050230266,0.03538872721,0.05712377117,0.9428762288,0.848726785,0.7894687775,0.8723189955,0.8403405591,0.7605275562,0.7132195411,0.6634226339,0.428751266,0.7543862718,252.0470756,1.169057123e-26,2.791001366e-06,10.12223582,10.79351488,0,0.1596594409,-1.110223025e-16,0.04861443032,1.659012388e-07,0.08648821683,0.0001390438385,0.001275029686,0.005320706133,0.01500026431,0.03538872721,2.069485055e-05,0.0003900851089,0.002137522185,0.005117754022,0.0102352383,0.01995190775,0.9050230266
0.001725,0.9057696119,0.03508981678,0.05666189902,0.943338101,0.8509124359,0.7918442149,0.8742225445,0.8398731651,0.7607315908,0.7146585208,0.665048707,0.4225152547,0.7579586227,246.8570439,1.144984463e-26,2.767373131e-06,10.18420861,10.85881019,0,0.1601268349,-1.110223025e-16,0.0479534578,1.629749238e-07,0.08622036433,0.0001379138817,0.001265072285,0.005280180606,0.01488891547,0.03508981678,2.052369146e-05,0.000386989229,0.0021210121,0.005079064242,0.01015910327,0.01980179657,0.9057696119
0.00175,0.9064903898,0.03480101259,0.05621584798,0.943784152,0.8530433136,0.794155885,0.8760775557,0.8394125039,0.7609193679,0.7160552238,0.6666243799,0.4164072605,0.761457638,241.8056349,1.12155477e-26,2.744182966e-06,10.24576076,10.92356046,0,0.1605874961,0,0.04730134015,1.601213593e-07,0.08595889495,0.0001368253905,0.001255473821,0.005241093175,0.01478144301,0.03480101259,2.035886591e-05,0.0003840060008,0.002105093583,0.005041739064,0.0100856241,0.01965694058,0.9064903898
0.001775,0.9071865029,0.03452186145,0.05578491402,0.944215086,0.8551212313,0.7964060818,0.8778857261,0.8389584534,0.7610917854,0.7174111857,0.6681516147,0.4104238554,0.7648852814,236.8879441,1.098745295e-26,2.72141942e-06,10.3069067,10.98778425,0,0.1610415466,0,0.04665799118,1.573382791e-07,0.08570349593,0.0001357764689,0.001246218164,0.005203380165,0.01467767777,0.03452186145,2.020008198e-05,0.0003811303175,0.002089740202,0.005005718411,0.01001468463,0.01951710948,0.9071865029
0.0018,0.9078590059,0.03425196279,0.05536845832,0.9446315417,0.857147924,0.7985969918,0.8796486972,0.8385108945,0.7612496672,0.7187278725,0.669632278,0.4045617571,0.7682434331,232.0993582,1.07653464e-26,2.699071539e-06,10.3676602,11.05149929,0,0.1614891055,2.220446049e-16,0.04602334157,1.546235064e-07,0.08545438231,0.0001347653248,0.001237290056,0.005166981248,0.01457745889,0.03425196279,2.004706388e-05,0.0003783573505,0.002074926948,0.004970945316,0.009946174378,0.01938208469,0.9078590059
0.001825,0.9085088753,0.0339909578,0.05496589746,0.9450341025,0.8591250518,0.8007306997,0.8813680543,0.8380697108,0.7613937703,0.7200066837,0.6710681459,0.3988178178,0.7715338965,227.4352833,1.054901499e-26,2.677128835e-06,10.42803445,11.11472254,0,0.1619302892,2.220446049e-16,0.04539732945,1.519749493e-07,0.08521166531,0.0001337902636,0.001228675055,0.00513183927,0.01448063507,0.0339909578,1.98995509e-05,0.0003756825319,0.002060630139,0.004937365786,0.009879989557,0.01925165972,0.9085088753
0.00185,0.9091370668,0.03373847392,0.0545766467,0.9454233533,0.8610542044,0.8028091943,0.8830452785,0.8376347882,0.7615248344,0.7212489561,0.6724609095,0.3931889827,0.7747584215,222.8912644,1.033825208e-26,2.655581123e-06,10.48804209,11.17747029,0,0.1623652118,0,0.04477987564,1.493905968e-07,0.08497480844,0.0001328496822,0.001220359486,0.005097900131,0.01438706348,0.03373847392,1.975729651e-05,0.000373101538,0.002046827347,0.004904928737,0.009816032219,0.01912563938,0.9091370668
0.001875,0.9097445064,0.03349414089,0.05420013353,0.9457998665,0.8629369049,0.8048343745,0.8846817637,0.8372060156,0.7616435734,0.7224559678,0.6738121798,0.387672287,0.7779187065,218.4631929,1.013286709e-26,2.634418514e-06,10.54769519,11.23975811,0,0.1627939844,0,0.04417088731,1.468685146e-07,0.08474319144,0.0001319420632,0.001212330397,0.005065112569,0.01429660761,0.03349414089,1.962006745e-05,0.0003706102749,0.002033497324,0.00487358576,0.009754208637,0.01900383796,0.9097445064
0.0019,0.9103320516,0.03325763023,0.05383583691,0.9461641631,0.8647746145,0.8068080546,0.8862788618,0.836783284,0.7617506437,0.7236289419,0.6751234935,0.382264873,0.7810163886,214.1472576,9.93268326e-27,2.613631485e-06,10.60700533,11.30160093,0,0.163216716,0,0.04357028214,1.444068419e-07,0.08451699363,0.0001310659696,0.001204575512,0.005033427929,0.01420913727,0.03325763023,1.948764292e-05,0.0003682048641,0.002020619927,0.00484329087,0.009694429423,0.01888607876,0.9103320516
0.001925,0.9109004953,0.03302864935,0.05348328215,0.9465167179,0.8665687353,0.8087319697,0.8878378856,0.8363664871,0.7618466473,0.724769049,0.6763963165,0.3769639974,0.7840530392,209.9397159,9.737526992e-27,2.593210904e-06,10.66598362,11.36301306,0,0.1636335129,2.220446049e-16,0.04297798929,1.420037872e-07,0.08429641922,0.0001302200401,0.001197083189,0.005002800016,0.01412452955,0.03302864935,1.93598138e-05,0.0003658816294,0.002008176048,0.004814000383,0.009636610273,0.01877219442,0.9109004953
0.00195,0.9114506038,0.03280690512,0.05314200398,0.946857996,0.8683206134,0.8106077793,0.8893600771,0.8359555205,0.761932164,0.7258774104,0.6776320481,0.3717670029,0.7870301808,205.8368633,9.547226469e-27,2.573147926e-06,10.7246407,11.42400825,0,0.1640444795,0,0.04239392792,1.396576261e-07,0.08408124689,0.0001294029842,0.001189842386,0.004973185007,0.01404266848,0.03280690512,1.923638196e-05,0.0003636370848,0.001996147553,0.004785672872,0.00958067171,0.01866202658,0.9114506038
0.001975,0.9119831364,0.0325920893,0.05281153011,0.9471884699,0.8700315402,0.8124370704,0.8908465935,0.8355502826,0.7620077673,0.7269550993,0.6788320238,0.3666713073,0.7899492924,201.8352126,9.361619944e-27,2.553433954e-06,10.78298677,11.48459967,0,0.1644497174,0,0.04181800358,1.373666971e-07,0.08387063444,0.0001286135783,0.001182842621,0.004944541318,0.01396344329,0.0325920893,1.911715956e-05,0.0003614679227,0.001984517229,0.004758269032,0.009526537723,0.01855542445,0.9119831364
0.002,0.9124988023,0.03238392322,0.05249142499,0.947508575,0.8717027555,0.8142213612,0.8922985533,0.8351506734,0.7620739893,0.7280031433,0.6799975182,0.3616744154,0.7928118035,197.931529,9.180557373e-27,2.534060683e-06,10.84103164,11.54479997,0,0.1648493266,-4.440892099e-16,0.04125012617,1.351293995e-07,0.08366444102,0.0001278506612,0.001176073942,0.004916829411,0.01388674775,0.03238392322,1.900196846e-05,0.000359371004,0.001973268729,0.004731751464,0.009474135386,0.01845224411,0.9124988023
0.002025,0.9129982483,0.03218216922,0.05218130212,0.9478186979,0.8733354501,0.8159621051,0.8937170544,0.8347565955,0.7621313095,0.7290225271,0.681129749,0.3567739236,0.7956190909,194.1226915,9.003894002e-27,2.515020124e-06,10.8987847,11.60462131,0,0.1652434045,-3.330669074e-16,0.04069021664,1.329441906e-07,0.0834630846,0.0001271131308,0.001169526893,0.004890011664,0.01381248121,0.03218216922,1.889063963e-05,0.0003573433474,0.001962386516,0.00470608456,0.009423395676,0.01835234884,0.9129982483
0.00205,0.9134820953,0.03198659325,0.05188078669,0.9481192133,0.8749307687,0.8176606949,0.8951031434,0.8343679534,0.7621801863,0.7300141948,0.6822298805,0.3519675051,0.7983724877,190.4056097,8.831486487e-27,2.496304543e-06,10.95625499,11.66407536,0,0.1656320466,-6.661338148e-16,0.04013819298,1.308095827e-07,0.08326666413,0.0001263999406,0.001163192488,0.004864052315,0.01374054869,0.03198659325,1.878301261e-05,0.0003553821206,0.001951855818,0.004681234471,0.009374253509,0.0182556091,0.9134820953
0.002075,0.9139509589,0.03179694832,0.0515894976,0.9484105024,0.8764898126,0.8193184656,0.8964577997,0.8339846533,0.7622210736,0.7309790525,0.6832990265,0.3472528982,0.8010732895,186.7773458,8.663198568e-27,2.477906423e-06,11.01345118,11.72317335,0,0.1660153467,-7.771561172e-16,0.03959396155,1.287241411e-07,0.08307465121,0.000125710096,0.001157062181,0.004838917369,0.01367085963,0.03179694832,1.867893498e-05,0.0003534846315,0.001941662586,0.004657169035,0.009326646799,0.01816190156,0.9139509589
0.0021,0.9144054311,0.03161299528,0.05130706718,0.9486929328,0.8780136415,0.8209366983,0.8977819579,0.833606604,0.7622544061,0.7319179699,0.6843382531,0.3426279122,0.8037227512,183.2351656,8.49890343e-27,2.459818484e-06,11.07038161,11.78192605,0,0.166393396,-8.881784197e-16,0.03905742856,1.266864816e-07,0.082886505,0.0001250426518,0.001151127843,0.004814574456,0.01360332695,0.03161299528,1.857826194e-05,0.0003516483199,0.001931793454,0.004633857613,0.009280515791,0.01807110824,0.9144054311
0.002125,0.9148460526,0.03143453014,0.05103316891,0.9489668311,0.8795032751,0.8225166211,0.8990765372,0.8332337155,0.7622805755,0.7328317817,0.6853485802,0.3380904322,0.8063220844,179.7764388,8.338479065e-27,2.442033705e-06,11.1270543,11.84034385,0,0.1667662845,-1.110223025e-15,0.03852850968,1.246952681e-07,0.08270240122,0.0001243967091,0.001145381738,0.004790992722,0.01353786761,0.03143453014,1.848085581e-05,0.0003498707503,0.001922235696,0.004611270973,0.009235803532,0.01798311666,0.9148460526
0.00215,0.9152733313,0.03126136392,0.05076749777,0.9492325022,0.8809596945,0.8240594127,0.9003424273,0.8328659001,0.7622999469,0.733721289,0.6863309845,0.3336384088,0.808872463,176.3985609,8.181804674e-27,2.424545284e-06,11.18347695,11.89843673,0,0.1671340999,-9.992007222e-16,0.0380071213,1.227492111e-07,0.08252258278,0.0001237714126,0.001139816499,0.004768142766,0.01347440318,0.03126136392,1.838658567e-05,0.0003481496043,0.001912977189,0.004589381261,0.009192456295,0.01789782003,0.9152733313
0.002175,0.9156877692,0.03109329832,0.05050974492,0.9494902551,0.8823838445,0.8255662044,0.9015804647,0.8325030718,0.7623128807,0.734587261,0.6872864012,0.3292698478,0.8113750295,173.0990195,8.028763722e-27,2.407346603e-06,11.239657,11.9562143,0,0.1674969282,-7.771561172e-16,0.03749317141,1.208470652e-07,0.08234689907,0.0001231659481,0.001134425107,0.004745996595,0.01341285895,0.03109329832,1.829532694e-05,0.0003464826746,0.001904006385,0.004568161965,0.009150422893,0.01781511666,0.9156877692
0.0022,0.9160898562,0.03093013457,0.05025960561,0.9497403944,0.8837766351,0.8270380829,0.9027914426,0.8321451463,0.7623197274,0.7354304372,0.6882157265,0.3249828166,0.813830891,169.8754717,7.879247547e-27,2.390431249e-06,11.29560157,12.01368581,0,0.1678548537,-6.661338148e-16,0.03698656583,1.189876276e-07,0.08217483571,0.0001225795406,0.001129200874,0.004724527518,0.01335316311,0.03093013457,1.820696102e-05,0.0003448678581,0.001895312275,0.004547587799,0.009109654067,0.01773490921,0.9160898562
0.002225,0.9164800473,0.03077169628,0.05001680205,0.949983198,0.8851389433,0.8284760923,0.9039761364,0.8317920409,0.762320809,0.7362515281,0.6891198196,0.3207754473,0.8162411174,166.7256884,7.733152752e-27,2.373793031e-06,11.35131755,12.07086017,0,0.1682079591,-6.661338148e-16,0.03648721721,1.171697358e-07,0.08200626367,0.0001220114514,0.001124137426,0.004703710049,0.01329524684,0.03077169628,1.812137496e-05,0.0003433031507,0.001886884362,0.004527634602,0.009070102628,0.01765710455,0.9164800473
0.00225,0.9168587656,0.03061782511,0.04978107948,0.9502189205,0.886471615,0.8298812365,0.9051353029,0.8314436747,0.7623164213,0.7370512171,0.6899995048,0.3166459286,0.8186067466,163.6474702,7.590377321e-27,2.357425947e-06,11.40681154,12.12774596,0,0.1685563253,-7.771561172e-16,0.03599504119,1.153922668e-07,0.08184136369,0.0001214609767,0.00111922868,0.004683519856,0.01323904486,0.03061782511,1.803846118e-05,0.0003417866413,0.001878712628,0.004508279298,0.009031723862,0.01758161405,0.9168587656
0.002275,0.9172264245,0.03046835981,0.04955218492,0.9504478151,0.8877754659,0.8312544812,0.9062696614,0.8310999685,0.7623068525,0.7378301617,0.6908555731,0.3125924948,0.8209287898,160.6386768,7.450821989e-27,2.341324145e-06,11.46208994,12.18435146,0,0.1689000315,-5.551115123e-16,0.03550994774,1.136541346e-07,0.0816801519,0.0001209274452,0.001114468832,0.004663933729,0.0131844951,0.03046835981,1.795811709e-05,0.0003403165073,0.001870787513,0.004489499883,0.00899447526,0.01750835325,0.9172264245
0.0023,0.91758343,0.0303231364,0.04932986635,0.9506701337,0.8890512828,0.8325967552,0.9073798937,0.8307608443,0.7622923851,0.7385889944,0.6916887834,0.3086134293,0.8232082306,157.6972952,7.314393385e-27,2.325481936e-06,11.51715889,12.24068464,0,0.1692391557,-4.440892099e-16,0.03503184364,1.119542891e-07,0.08152236491,0.0001204102167,0.001109852342,0.004644929505,0.01313153788,0.0303231364,1.78802449e-05,0.0003388910092,0.00186309989,0.004471275344,0.008958315908,0.01743724125,0.91758343
0.002325,0.9179301649,0.03018200383,0.04911388828,0.9508861117,0.8902998253,0.8339089527,0.9084666619,0.8304262262,0.7622732827,0.739328324,0.6924998646,0.3047070733,0.8254460191,154.8214095,7.18100264e-27,2.309893827e-06,11.57202432,12.29675319,0,0.1695737738,-6.661338148e-16,0.03456064074,1.102917148e-07,0.08136773074,0.0001199086803,0.001105373921,0.004626485994,0.01308011586,0.03018200383,1.78047513e-05,0.0003375084864,0.001855641039,0.004453585576,0.008923206495,0.01736820051,0.9179301649
0.00235,0.9182669855,0.03004482697,0.04890403507,0.9510959649,0.8915218257,0.8351919338,0.9095306126,0.8300960392,0.7622497875,0.7400487364,0.6932895162,0.3008718194,0.8276430762,152.0091367,7.050562422e-27,2.294554502e-06,11.62669194,12.35256453,0,0.1699039608,-6.661338148e-16,0.03409625487,1.086654291e-07,0.08121626066,0.0001194222527,0.001101028514,0.004608582927,0.01303017441,0.03004482697,1.773154724e-05,0.0003361673531,0.001848402629,0.00443641134,0.008889109617,0.01730115698,0.9182669855
0.002375,0.9185942363,0.02991147216,0.04870009634,0.9512999037,0.8927179918,0.8364465272,0.910572366,0.8297702101,0.7622221325,0.7407507956,0.6940584106,0.2971061002,0.8298002998,149.2586348,6.922987292e-27,2.279458775e-06,11.68116726,12.40812583,0,0.1702297899,-5.551115123e-16,0.03363859836,1.070744811e-07,0.08106799086,0.0001189503767,0.001096811289,0.004591200934,0.01298166158,0.02991147216,1.76605477e-05,0.0003348660943,0.001841376693,0.004419734256,0.008855989689,0.01723604006,0.9185942363
0.0024,0.9189122552,0.0297818039,0.04850186296,0.951498137,0.8938890068,0.8376735311,0.9115925121,0.8294486671,0.7621905453,0.7414350453,0.6948071939,0.293408387,0.8319185655,146.5681659,6.798196642e-27,2.264601586e-06,11.7354556,12.46344398,0,0.1705513329,-4.440892099e-16,0.03318758005,1.055179505e-07,0.08092285602,0.0001184925202,0.001092717629,0.004574321495,0.01293452742,0.0297818039,1.759167148e-05,0.0003336032615,0.001834555614,0.00440353675,0.008823812502,0.01717278205,0.9189122552
0.002425,0.9192213639,0.02965569461,0.04830913663,0.9516908634,0.8950355315,0.8388737154,0.912591622,0.8291313398,0.762155241,0.7421020093,0.6955364876,0.2897771985,0.8339987221,143.9360887,6.676114348e-27,2.249978034e-06,11.7895621,12.51852567,0,0.1708686602,-4.440892099e-16,0.03274311216,1.039949462e-07,0.08078066909,0.0001180481743,0.001088743115,0.004557926878,0.01288872385,0.02965569461,1.7524841e-05,0.0003323774703,0.001827932106,0.004387801984,0.008792545105,0.01711131798,0.9192213639
0.00245,0.9195218634,0.02953302903,0.04812173446,0.9518782655,0.8961582042,0.8400478223,0.913570254,0.8288181589,0.7621164179,0.7427521929,0.6962468895,0.2862111001,0.8360415912,141.3607927,6.556665701e-27,2.235583382e-06,11.84349172,12.57337733,0,0.1711818411,-2.220446049e-16,0.03230511144,1.025046053e-07,0.08064134583,0.0001176168526,0.00108488352,0.004542000094,0.01284420496,0.02953302903,1.745998207e-05,0.0003311873962,0.001821499193,0.004372513822,0.00876215605,0.01705158566,0.9195218634
0.002475,0.9198140443,0.02941369409,0.04793947884,0.9520605212,0.8972576423,0.8411965674,0.9145289449,0.8285090567,0.7620742661,0.7433860828,0.6969389745,0.2827086951,0.838047973,138.8406875,6.439776943e-27,2.221413013e-06,11.89724924,12.62800519,0,0.1714909433,-1.110223025e-16,0.03187349315,1.010460919e-07,0.08050481281,0.0001171980898,0.001081134798,0.004526524882,0.01280092698,0.02941369409,1.739702378e-05,0.0003300317718,0.001815250198,0.004357656816,0.008732615383,0.0169935257,0.9198140443
0.0025,0.920098191,0.02929757531,0.04776219336,0.9522378066,0.8983344425,0.8423206412,0.9154682069,0.8282039667,0.7620289715,0.7440041487,0.6976132962,0.2792686186,0.8400186494,136.3742544,6.325377634e-27,2.207462418e-06,11.95083929,12.68241526,0,0.1717960333,4.440892099e-16,0.03144816904,9.96185962e-08,0.08037103001,0.0001167914405,0.001077493075,0.004511485672,0.01275884786,0.02929757531,1.733589827e-05,0.0003289093839,0.001809178725,0.004343216182,0.008703894305,0.0169370811,0.920098191
0.002525,0.9203745752,0.029184565,0.04758971068,0.9524102893,0.8993891818,0.8434207096,0.916388536,0.8279028236,0.7619807096,0.7446068431,0.6982703869,0.2758895437,0.8419543806,133.9600673,6.21340162e-27,2.19372721e-06,12.00426634,12.73661335,0,0.1720971764,2.220446049e-16,0.03102905264,9.82213335e-08,0.08023995897,0.0001163964786,0.00107395464,0.004496867537,0.01271792703,0.029184565,1.727654063e-05,0.0003278190709,0.001803278648,0.004329177736,0.008675965023,0.0168821971,0.9203745752
0.00255,0.9206434515,0.0290745653,0.04742187584,0.9525781242,0.9004224191,0.8444974161,0.9172904177,0.8276055634,0.7619296424,0.7451946034,0.6989107599,0.2725701841,0.8438559034,131.596739,6.10378457e-27,2.180203145e-06,12.0575347,12.79060508,0,0.1723944366,0,0.03061606202,9.685354313e-08,0.08011153341,0.0001160127959,0.001070515936,0.004482656157,0.01267812565,0.0290745653,1.721888868e-05,0.0003267597202,0.001797544094,0.004315527864,0.008648800939,0.01682882115,0.9206434515
0.002575,0.9209050644,0.02896748181,0.04725853982,0.9527414602,0.9014346949,0.8455513819,0.9181743207,0.8273121233,0.7618759241,0.7457678514,0.6995349091,0.2693092889,0.8457239343,129.2829006,5.996462981e-27,2.166886095e-06,12.11064856,12.8443959,0,0.1726878767,-2.220446049e-16,0.03020911552,9.551448769e-08,0.07998567054,0.0001156400013,0.001067173555,0.0044688378,0.01263940666,0.02896748181,1.716288292e-05,0.0003257302653,0.001791969434,0.004302253511,0.008622376704,0.01677690302,0.9209050644
0.0026,0.9211596554,0.02886321678,0.04709955252,0.9529004475,0.9024265326,0.8465832072,0.919040692,0.8270224416,0.7618197073,0.7463269944,0.700143311,0.2661056366,0.8475591732,127.0172286,5.891375467e-27,2.153772028e-06,12.16361195,12.89799104,0,0.1729775584,0,0.02980812859,9.42034521e-08,0.07986223363,0.0001152777201,0.001063924228,0.004455399304,0.01260173449,0.02886321678,1.71084663e-05,0.0003247296842,0.001786549266,0.004289342168,0.008596667955,0.01672639449,0.9211596554
0.002625,0.921407457,0.02876167674,0.04694476991,0.9530552301,0.9033984395,0.8475934718,0.9198899633,0.8267364578,0.7617611372,0.7468724258,0.7007364246,0.2629580351,0.8493623028,124.7984748,5.788464142e-27,2.140857009e-06,12.21642878,12.95139561,0,0.1732635422,4.440892099e-16,0.02941301703,9.291974283e-08,0.07974121351,0.0001149255933,0.00106076482,0.004442328035,0.01256507472,0.02876167674,1.70555842e-05,0.0003237569967,0.001781278412,0.004276781824,0.008571651129,0.01667724911,0.921407457
0.00265,0.9216486858,0.02866277826,0.04679406002,0.95320594,0.9043509062,0.8485827364,0.9207225588,0.8264541125,0.7617003467,0.7474045256,0.7013146923,0.2598653275,0.8511339861,122.6254376,5.68767326e-27,2.128137221e-06,12.26910283,13.00461451,0,0.1735458875,2.220446049e-16,0.02902370053,9.166268709e-08,0.07962261675,0.0001145832763,0.001057692324,0.004429611857,0.0125293943,0.02866277826,1.700418421e-05,0.0003228112628,0.0017761519,0.00426456093,0.008547303592,0.01662942227,0.9216486858
0.002675,0.9218835489,0.02856644185,0.04664729694,0.9533527031,0.9052844089,0.8495515431,0.9215388908,0.8261753474,0.7616374613,0.747923661,0.7018785412,0.2568263874,0.8528748682,120.4969269,5.588947634e-27,2.115608952e-06,12.32163776,13.05765252,0,0.1738246526,4.440892099e-16,0.0286401004,9.04316321e-08,0.07950639996,0.0001142504387,0.001054703852,0.004417239114,0.01249466169,0.02856644185,1.695421609e-05,0.0003218915805,0.001771164958,0.004252668397,0.00852360376,0.01658287122,0.9218835489
0.0027,0.9221122505,0.0284725857,0.04650435431,0.9534956457,0.9061994083,0.8505004158,0.9223393522,0.8259001052,0.7615726047,0.7484301867,0.7024283829,0.253840117,0.854585578,118.4117867,5.492233639e-27,2.10326858e-06,12.37403711,13.11051425,0,0.1740998948,6.661338148e-16,0.02826213609,8.922594436e-08,0.0793924077,0.0001139267637,0.001051796632,0.004405198618,0.0124608466,0.0284725857,1.690563167e-05,0.0003209970838,0.001766313002,0.004241093584,0.00850053092,0.01653755495,0.9221122505
0.002725,0.9223349903,0.02838112827,0.04636510758,0.9536348924,0.9070963514,0.8514298618,0.9231243212,0.8256283298,0.7615058975,0.7489244456,0.7029646147,0.2509054441,0.8562667298,116.3689185,5.397480321e-27,2.091112571e-06,12.4263043,13.16320416,0,0.1743716702,8.881784197e-16,0.02788972654,8.804500894e-08,0.07928055331,0.0001136119468,0.001048968002,0.004393479623,0.01242791975,0.02838112827,1.685838468e-05,0.0003201269416,0.00176159163,0.004229826266,0.008478065016,0.01649343392,0.9223349903
0.00275,0.9225519552,0.02829199627,0.04622944203,0.953770558,0.9079756716,0.8523403716,0.9238941686,0.8253599659,0.7614374503,0.7494067694,0.7034876201,0.2480213246,0.8579189216,114.3672732,5.304639028e-27,2.079137483e-06,12.47844266,13.21572658,0,0.1746400341,8.881784197e-16,0.0275227936,8.688822887e-08,0.07917087705,0.0001133056958,0.001046215405,0.004382071791,0.01239585287,0.02829199627,1.681243074e-05,0.0003192803554,0.001756996612,0.004218856603,0.008456186701,0.01645047004,0.9225519552
0.002775,0.9227633216,0.02820512258,0.04609725082,0.9539027492,0.9088377891,0.8532324205,0.9246492578,0.8250949594,0.7613673654,0.7498774787,0.7039977694,0.2451867425,0.8595427356,112.4058173,5.213661817e-27,2.067339967e-06,12.5304554,13.26808571,0,0.1749050406,8.881784197e-16,0.02716126138,8.575502445e-08,0.07906339097,0.0001130077303,0.001043536382,0.004370965181,0.01236461895,0.02820512258,1.676772722e-05,0.0003184565583,0.001752523883,0.004208175126,0.008434877488,0.01640862676,0.9227633216
0.0028,0.9229692629,0.02812043839,0.04596842706,0.9540315729,0.9096831119,0.8541064686,0.9253899375,0.8248332571,0.7612957434,0.7503368842,0.7044954204,0.2424007052,0.8611387402,110.4835386,5.124501739e-27,2.055716752e-06,12.58234565,13.3202856,0,0.1751667429,6.661338148e-16,0.0268050532,8.464483271e-08,0.07895799118,0.0001127177806,0.001040928571,0.004360150237,0.01233419208,0.02812043839,1.672423318e-05,0.0003176548131,0.001748169533,0.004197772741,0.008414119666,0.01636786901,0.9229692629
0.002825,0.92316995,0.02803787378,0.04584286407,0.9541571359,0.9105120355,0.8549629611,0.9261165413,0.8245748067,0.7612226831,0.7507852857,0.7049809185,0.2396622449,0.86270749,108.5994676,5.037113835e-27,2.044264649e-06,12.63411642,13.37233019,0,0.1754251933,4.440892099e-16,0.02645409172,8.355710677e-08,0.07885452311,0.0001124355875,0.0010383897,0.004349617772,0.01230454723,0.02803787378,1.668190929e-05,0.0003168744113,0.001743929803,0.004187640699,0.008393896096,0.01632816297,0.92316995
0.00285,0.9233655455,0.02795736364,0.04572046123,0.9542795388,0.9113249438,0.8558023298,0.9268293948,0.824319557,0.7611482774,0.751222974,0.7054545973,0.2369704181,0.8642495253,106.7526783,4.951455144e-27,2.032980548e-06,12.68577064,13.42422331,0,0.175680443,4.440892099e-16,0.0261083015,8.24913153e-08,0.07875298097,0.0001121609021,0.001035917585,0.004339358942,0.01227566016,0.02795736364,1.664071774e-05,0.0003161146716,0.001739801077,0.004177770578,0.008374190189,0.01628947599,0.9233655455
0.002875,0.9235562017,0.02787884942,0.04560112587,0.9543988741,0.9121222095,0.8566249926,0.9275288185,0.8240674574,0.7610726109,0.75165023,0.7059167796,0.2343243053,0.8657653731,104.9422647,4.867483651e-27,2.021861422e-06,12.73731114,13.47596865,0,0.1759325426,2.220446049e-16,0.02576760948,8.144694204e-08,0.07865341051,0.0001118934848,0.001033510123,0.004329365226,0.01224750762,0.02787884942,1.66006222e-05,0.0003153749386,0.001735779875,0.004168154259,0.008354986034,0.01625177669,0.9235562017
0.0029,0.923742066,0.0278022736,0.04548476774,0.9545152323,0.9129041944,0.8574313548,0.9282151224,0.8238184585,0.7609957648,0.7520673262,0.706367777,0.2317230081,0.8672555478,103.1673372,4.785158096e-27,2.010904311e-06,12.78874069,13.5275698,0,0.1761815415,2.220446049e-16,0.02543194268,8.04234852e-08,0.07855578155,0.0001116331054,0.001031165291,0.004319628428,0.01222006732,0.0278022736,1.656158771e-05,0.000314654582,0.001731862847,0.004158783931,0.008336268397,0.01621503492,0.923742066
0.002925,0.9239232848,0.02772757648,0.04537129557,0.9546287044,0.9136712503,0.8582218097,0.9288886035,0.8235725116,0.7609178202,0.7524745264,0.7068078914,0.2291656484,0.8687205526,101.4270416,4.70443885e-27,2.000106319e-06,12.84006195,13.57903025,0,0.1764274884,4.440892099e-16,0.0251012275,7.942045703e-08,0.07845995273,0.0001113795421,0.001028881141,0.004310140658,0.01219331775,0.02772757648,1.652358066e-05,0.000313952995,0.001728046768,0.004149652079,0.008318022566,0.01617922162,0.9239232848
0.00295,0.924099999,0.0276547011,0.04526062187,0.9547393781,0.9144237183,0.8589967381,0.9295495499,0.823329569,0.7608388539,0.7528720858,0.7072374141,0.2266513712,0.8701608772,99.72055827,4.625287902e-27,1.989464632e-06,12.89127751,13.63035338,0,0.176670431,2.220446049e-16,0.02477539172,7.843738335e-08,0.07836584714,0.0001111325816,0.0010266558,0.004300894314,0.01216723808,0.0276547011,1.64865687e-05,0.0003132695936,0.001724328533,0.004140751457,0.008300234274,0.0161443087,0.924099999
0.002975,0.9242723414,0.02758359536,0.04515266513,0.9548473349,0.9151619301,0.8597565096,0.9301982447,0.8230895836,0.7607589367,0.753260252,0.7076566275,0.2241793425,0.8715769994,98.04708901,4.547668229e-27,1.978976502e-06,12.94238988,13.68154246,0,0.1769104164,4.440892099e-16,0.02445436526,7.747380307e-08,0.07827349048,0.0001108920187,0.00102448746,0.004291882065,0.01214180822,0.02758359536,1.645052072e-05,0.0003126038153,0.001720705152,0.004132075078,0.008282889787,0.01611026911,0.9242723414
0.003,0.9244404393,0.02751420965,0.04504734745,0.9549526525,0.9158862082,0.8605014827,0.9308349637,0.8228525095,0.7606781354,0.7536392648,0.7080658045,0.2217487471,0.8729693861,96.40584645,4.47154331e-27,1.968639244e-06,12.99340151,13.73260068,0,0.1771474905,2.220446049e-16,0.02413807865,7.652926775e-08,0.07818289641,0.0001106576557,0.001022374383,0.004283096849,0.01211700891,0.02751420965,1.641540674e-05,0.0003119551187,0.00171717374,0.004123616206,0.008265975934,0.01607707681,0.9244404393
0.003025,0.9246044178,0.02744649374,0.04494459138,0.9550554086,0.9165968657,0.8612320055,0.9314599724,0.8226183011,0.7605965154,0.7540093565,0.7084652092,0.2193587875,0.8743384944,94.79607208,4.396877965e-27,1.958450229e-06,13.04431476,13.78353114,0,0.1773816989,4.440892099e-16,0.02382646206,7.560334122e-08,0.07809398655,0.0001104293021,0.001020314891,0.004274531863,0.01209282159,0.02744649374,1.638119792e-05,0.0003113229819,0.001713731521,0.004115368355,0.008249480015,0.01604470672,0.9246044178
0.00305,0.924764399,0.02738039789,0.04484432081,0.9551556792,0.9172942074,0.8619484157,0.9320735278,0.8223869141,0.7605141404,0.7543707526,0.7088550977,0.2170086852,0.87568477,93.21703962,4.323638506e-27,1.948406891e-06,13.09513193,13.83433682,0,0.1776130859,0,0.02351944658,7.469559916e-08,0.07800665385,0.0001102067744,0.00101830737,0.004266180543,0.01206922824,0.02738039789,1.634786645e-05,0.0003107069021,0.001710375816,0.004107325269,0.008233389719,0.01601313459,0.924764399
0.003075,0.9249204984,0.02731587648,0.04474646468,0.9552535353,0.9179785293,0.8626510412,0.9326758815,0.8221583046,0.7604310689,0.7547236713,0.7092357174,0.2146976821,0.8770086474,91.66804203,4.251792139e-27,1.938506732e-06,13.14585525,13.88502066,0,0.1778416954,2.220446049e-16,0.02321696528,7.380562869e-08,0.07792088688,0.000109989896,0.001016350261,0.004258036559,0.01204621149,0.02731587648,1.631538557e-05,0.0003101063948,0.001707104043,0.004099480906,0.008217693155,0.015982337,0.9249204984
0.0031,0.9250728269,0.02725288592,0.0446509549,0.9553490451,0.9186501193,0.8633402001,0.9332672791,0.8219324296,0.7603473562,0.7550683245,0.7096073083,0.212425037,0.878310551,90.14838367,4.181306599e-27,1.928747312e-06,13.1964869,13.93558547,0,0.1780675704,2.220446049e-16,0.02291895216,7.293302806e-08,0.07783669742,0.0001097784964,0.001014442062,0.004250093801,0.01202375463,0.02725288592,1.628372947e-05,0.0003095209927,0.001703913713,0.004091829438,0.008202378899,0.01595229139,0.9250728269
0.003125,0.9252214929,0.02719138275,0.0445577244,0.9554422756,0.9193092578,0.8640162021,0.9338479583,0.8217092468,0.760263056,0.7554049178,0.7099701026,0.2101900239,0.8795908969,88.65738671,4.112150445e-27,1.919126236e-06,13.24702897,13.98603402,0,0.1782907532,2.220446049e-16,0.02262534106,7.207740621e-08,0.07775406209,0.0001095724114,0.001012581324,0.004242346378,0.01200184154,0.02719138275,1.625287328e-05,0.0003089502454,0.001700802422,0.004084365245,0.008187435939,0.01592297602,0.9252214929
0.00315,0.9253666015,0.02713132445,0.04446670781,0.9555332922,0.9199562172,0.8646793472,0.9344181493,0.8214887147,0.7601782201,0.7557336505,0.7103243255,0.2079919334,0.8808500913,87.19440458,4.04429369e-27,1.909641164e-06,13.29748352,14.03636897,0,0.1785112853,0,0.02233606644,7.123838252e-08,0.07767289476,0.0001093714825,0.001010766649,0.004234788604,0.01198045662,0.02713132445,1.622279303e-05,0.0003083937183,0.001697767852,0.004077082902,0.008172853595,0.01589436985,0.9253666015
0.003175,0.9255082538,0.02707267073,0.04437784273,0.9556221573,0.920591263,0.8653299276,0.9349780772,0.8212707924,0.760092897,0.7560547161,0.7106701953,0.205830073,0.882088531,85.75881024,3.977707249e-27,1.900289813e-06,13.34785254,14.08659292,0,0.1787292076,0,0.0220510645,7.04155864e-08,0.07759314795,0.000109175557,0.001008996689,0.004227414989,0.01195958477,0.02707267073,1.619346559e-05,0.0003078509921,0.001694807766,0.004069977168,0.008158621542,0.01586645254,0.9255082538
0.0032,0.9256465462,0.02701538368,0.04429106997,0.95570893,0.9212146531,0.8659682267,0.9355279619,0.8210554398,0.7600071321,0.7563683022,0.7110079233,0.2037037674,0.8833066028,84.34998472,3.912362411e-27,1.891069956e-06,13.39813795,14.13670839,0,0.1789445602,2.220446049e-16,0.02177027265,6.960865702e-08,0.07751482109,0.0001089844874,0.001007270142,0.004220220229,0.01193921144,0.02701538368,1.616486866e-05,0.0003073216624,0.001691920005,0.00406304298,0.008144729841,0.0158392045,0.9256465462
0.003225,0.9257815729,0.02695942545,0.04420633114,0.9557936689,0.9218266388,0.8665945204,0.9360680162,0.8208426175,0.7599209695,0.7566745911,0.7113377144,0.2016123551,0.8845046858,82.96732409,3.848231167e-27,1.881979411e-06,13.44834164,14.18671785,0,0.1791573825,0,0.02149362836,6.881724298e-08,0.07743790518,0.0001087981315,0.00100558575,0.004213199205,0.0119193226,0.02695942545,1.613698072e-05,0.0003068053386,0.001689102483,0.00405627545,0.008131168905,0.01581260678,0.9257815729
0.00325,0.9259134261,0.0269047586,0.04412356889,0.9558764311,0.922427465,0.8672090769,0.9365984469,0.8206322865,0.759834452,0.7569737597,0.7116597676,0.1995551877,0.8856831512,81.61024802,3.785286598e-27,1.873016038e-06,13.49846544,14.23662368,0,0.1793677135,2.220446049e-16,0.02122106949,6.804100204e-08,0.07736235842,0.000108616352,0.001003942299,0.004206346971,0.01189990467,0.0269047586,1.6109781e-05,0.0003063016438,0.001686353185,0.004049669857,0.008117929439,0.01578664109,0.9259134261
0.003275,0.9260421934,0.02685134832,0.04404272917,0.9559572708,0.9230173696,0.8678121567,0.9371194561,0.8204244088,0.7597476191,0.7572659798,0.7119742756,0.1975316327,0.8868423616,80.27819765,3.723502784e-27,1.864177747e-06,13.54851111,14.2864282,0,0.1795755912,4.440892099e-16,0.02095253532,6.727960081e-08,0.07728812437,0.0001084390163,0.001002338618,0.004199658749,0.01188094447,0.02685134832,1.608324946e-05,0.0003058102139,0.001683670166,0.004043221639,0.008105002435,0.01576128968,0.9260421934
0.0033,0.9261679592,0.02679916138,0.04396376017,0.9560362398,0.923596585,0.8684040134,0.9376312416,0.8202189469,0.7596605081,0.7575514183,0.7122814254,0.1955410718,0.8879826709,78.97062464,3.66285429e-27,1.855462498e-06,13.5984804,14.33613368,0,0.1797810531,4.440892099e-16,0.0206879665,6.653271451e-08,0.07721518296,0.0001082659964,0.001000773574,0.004193129918,0.01186242931,0.02679916138,1.605736674e-05,0.0003053306974,0.001681051547,0.004036926379,0.008092379217,0.01573653546,0.9261679592
0.003325,0.9262908056,0.02674816473,0.04388661091,0.9561133891,0.924165337,0.8689848939,0.9381339949,0.8200158638,0.7595731551,0.7578302372,0.7125813985,0.1935829006,0.8891044255,77.6869876,3.603316007e-27,1.846868294e-06,13.64837497,14.3857423,0,0.1799841362,4.440892099e-16,0.02042730405,6.580002665e-08,0.07714352049,0.0001080971686,0.0009992460719,0.004186756015,0.01184434693,0.02674816473,1.603211416e-05,0.0003048627547,0.00167849551,0.004030779816,0.008080051415,0.01571236191,0.9262908056
0.00335,0.9264108131,0.02669832566,0.0438112313,0.9561887687,0.9247238458,0.8695550379,0.938627902,0.8198151234,0.7594855951,0.7581025938,0.7128743707,0.1916565269,0.8902079648,76.42676586,3.544863784e-27,1.838393178e-06,13.69819648,14.4352562,0,0.1801848766,4.440892099e-16,0.02017048924,6.508122884e-08,0.07707311907,0.0001079324135,0.0009977550549,0.004180532723,0.01182668545,0.02669832566,1.600747366e-05,0.0003044060575,0.0016760003,0.004024777825,0.008068010907,0.01568875301,0.9264108131
0.003375,0.9265280593,0.02664961292,0.04373757325,0.9562624267,0.9252723262,0.8701146793,0.9391131446,0.81961669,0.7593978612,0.7583686414,0.7131605134,0.1897613706,0.8912936208,75.18945857,3.487474389e-27,1.83003523e-06,13.7479465,14.48467747,0,0.18038331,4.440892099e-16,0.01991746442,6.437602052e-08,0.07700393999,0.0001077716158,0.0009962995002,0.004174455871,0.01180943335,0.02664961292,1.598342781e-05,0.0003039602886,0.001673564219,0.00401891642,0.008056249815,0.01566569328,0.9265280593
0.0034,0.9266426175,0.02660199781,0.04366559181,0.9563344082,0.9258109872,0.8706640452,0.939589901,0.8194205285,0.7593099833,0.7586285284,0.713439992,0.1878968656,0.892361718,73.97457427,3.431125029e-27,1.821792579e-06,13.79762658,14.53400814,0,0.1805794715,4.440892099e-16,0.01966817333,6.368410871e-08,0.07693595355,0.0001076146638,0.0009948784196,0.004168521418,0.0117925795,0.02660199781,1.595995975e-05,0.0003035251416,0.001671185625,0.00401319174,0.008044760528,0.01564316772,0.9266426175
0.003425,0.9267545594,0.02655545171,0.04359524263,0.9564047574,0.9263400325,0.8712033569,0.9400583445,0.8192266044,0.7592219908,0.7588823994,0.7137129678,0.1860624578,0.8934125738,72.78163206,3.375793398e-27,1.81366339e-06,13.84723824,14.58325016,0,0.1807733956,8.881784197e-16,0.01942256033,6.300520779e-08,0.07686913504,0.0001074614497,0.0009934908569,0.004162725459,0.01177611316,0.02655545171,1.59370532e-05,0.00030310032,0.001668862931,0.004007600052,0.008033535716,0.01562116188,0.9267545594
0.00345,0.926863956,0.02650994552,0.04352648142,0.9564735186,0.9268596612,0.8717328302,0.940518643,0.8190348839,0.7591339126,0.759130395,0.7139795973,0.1842576042,0.8944464991,71.6101619,3.321457693e-27,1.805645866e-06,13.89678295,14.63240547,0,0.1809651161,8.881784197e-16,0.01918057005,6.23390393e-08,0.07680346793,0.0001073118692,0.0009921358876,0.004157064217,0.01176002392,0.02650994552,1.591469242e-05,0.0003026855371,0.001666594601,0.004002137745,0.008022568265,0.01559966172,0.926863956
0.003475,0.9269708753,0.02646545175,0.04345926591,0.9565407341,0.9273700667,0.8722526746,0.9409709602,0.8188453335,0.7590457756,0.7593726516,0.7142400322,0.1824817738,0.8954637984,70.45971259,3.268096989e-27,1.797738247e-06,13.94626213,14.68147593,0,0.1811546665,8.881784197e-16,0.01894214794,6.168533171e-08,0.07673893479,0.0001071658217,0.0009908126173,0.004151534035,0.01174430168,0.02646545175,1.589286218e-05,0.0003022805156,0.001664379148,0.003996801323,0.008011851261,0.01557865365,0.9269708753
0.0035,0.9270753824,0.02642194458,0.04339355597,0.956606444,0.9278714382,0.8727630947,0.9414154569,0.8186579205,0.7589576048,0.7596093021,0.7144944203,0.1807344463,0.8964647695,69.32984489,3.21569091e-27,1.789938807e-06,13.99567716,14.73046335,0,0.1813420795,1.110223025e-15,0.01870724069,6.104382023e-08,0.07667550642,0.0001070232094,0.0009895201803,0.004146131373,0.01172893663,0.02642194458,1.587154777e-05,0.0003018849874,0.001662215134,0.0039915874,0.008001378014,0.01555812451,0.9270753824
0.003525,0.9271775401,0.02637939915,0.04332931296,0.956670687,0.92836396,0.8732642897,0.9418522904,0.8184726127,0.7588694237,0.7598404758,0.7147429048,0.1790151127,0.897449704,68.22012467,3.164219322e-27,1.782245858e-06,14.04502942,14.77936952,0,0.1815273873,8.881784197e-16,0.0184757958,6.041424657e-08,0.07661315581,0.0001068839381,0.0009882577391,0.004140852801,0.01171391933,0.02637939915,1.585073494e-05,0.0003014986929,0.001660101168,0.003986492697,0.007991142072,0.01553806158,0.9271775401
0.00355,0.9272774101,0.02633779042,0.04326649847,0.9567335015,0.9288478116,0.8737564535,0.9422816128,0.8182893783,0.7587812554,0.7600662983,0.7149856251,0.1773232748,0.8984188874,67.13013167,3.113662731e-27,1.774657746e-06,14.09432022,14.82819616,0,0.1817106217,8.881784197e-16,0.01824776113,5.979635882e-08,0.07655185397,0.0001067479165,0.0009870244827,0.004135695003,0.01169924064,0.02633779042,1.583040992e-05,0.0003011213809,0.001658035901,0.003981514043,0.007981137184,0.01551845254,0.9272774101
0.003575,0.927375053,0.02629709343,0.04320507455,0.9567949255,0.9293231688,0.8742397752,0.9427035722,0.818108186,0.7586931224,0.7602868919,0.7152227167,0.1756584441,0.8993725995,66.05945813,3.064002225e-27,1.767172847e-06,14.14355084,14.87694496,0,0.181891814,1.33226763e-15,0.01802308519,5.918991121e-08,0.07649159275,0.0001066150563,0.0009858196262,0.004130654766,0.01168489167,0.02629709343,1.581055939e-05,0.0003007528083,0.001656018029,0.003976648362,0.007971357276,0.01549928542,0.927375053
0.0036,0.9274705263,0.02625728527,0.0431450057,0.9568549943,0.9297902025,0.8747144391,0.943118314,0.8179290053,0.758605045,0.7605023754,0.7154543111,0.1740201433,0.9003111138,65.00770586,3.015219335e-27,1.759789576e-06,14.19272254,14.92561754,0,0.1820709947,1.33226763e-15,0.01780171757,5.859466395e-08,0.07643235642,0.0001064852719,0.0009846424094,0.004125728976,0.01167086377,0.02625728527,1.579117043e-05,0.0003003927397,0.001654046288,0.003971892676,0.007961796447,0.01548054865,0.9274705263
0.003625,0.9275638855,0.02621834398,0.0430862578,0.9569137422,0.9302490796,0.8751806247,0.9435259807,0.8177518058,0.7585170424,0.7607128647,0.7156805363,0.1724079039,0.9012346985,63.97448634,2.96729604e-27,1.752506372e-06,14.24183655,14.97421551,0,0.1822481942,1.554312234e-15,0.01758360871,5.801038308e-08,0.07637411765,0.0001063584805,0.000983492096,0.004120914615,0.01165714862,0.02621834398,1.577223056e-05,0.0003000409472,0.001652119454,0.003967244099,0.007952449001,0.01546223099,0.9275638855
0.00365,0.9276551849,0.02618024747,0.04302879695,0.956971203,0.9306999635,0.8756385075,0.9439267108,0.8175765579,0.758429133,0.7609184726,0.715901517,0.1708212671,0.9021436166,62.9594187,2.920214674e-27,1.745321708e-06,14.29089404,15.02274042,0,0.1824234421,1.776356839e-15,0.0173687095,5.743684025e-08,0.07631684243,0.000106234602,0.0009823679728,0.004116208761,0.01164373815,0.02618024747,1.57537277e-05,0.0002996972101,0.001650236341,0.003962699832,0.007943309431,0.01544432159,0.9276551849
0.003675,0.9277444776,0.02614297417,0.04297259016,0.9570274098,0.931143013,0.8760882579,0.944320639,0.8174032324,0.7583413349,0.7611193087,0.7161173739,0.1692597838,0.9030381253,61.96213423,2.873958136e-27,1.738234086e-06,14.33989618,15.0711938,0,0.1825967676,2.220446049e-15,0.01715697145,5.687381262e-08,0.07626051333,0.0001061135587,0.0009812693489,0.004111608583,0.0116306245,0.02614297417,1.573565014e-05,0.0002993613144,0.001648395799,0.003958257167,0.007934372376,0.0154268099,0.9277444776
0.0037,0.927831815,0.0261065032,0.04291760543,0.9570823946,0.9315783836,0.8765300426,0.9447078969,0.8172318005,0.7582536647,0.7613154797,0.7163282249,0.1677230142,0.9039184765,60.98227497,2.828509823e-27,1.73124204e-06,14.3888441,15.11957713,0,0.1827681995,1.776356839e-15,0.01694834695,5.632108268e-08,0.07620512641,0.0001059952753,0.0009801955547,0.004107111335,0.01161780007,0.0261065032,1.571798653e-05,0.0002990330531,0.001646596715,0.003953913474,0.007925632629,0.01540968568,0.927831815
0.003725,0.9279172464,0.02607081486,0.0428638123,0.9571361877,0.9320062269,0.8769640241,0.9450886138,0.8170622338,0.7581661381,0.7615070896,0.7165341845,0.1662105272,0.9047849173,60.0194864,2.783853291e-27,1.72434413e-06,14.43773891,15.16789183,0,0.1829377662,1.776356839e-15,0.01674278926,5.577843808e-08,0.07615066526,0.0001058796791,0.0009791459411,0.004102714353,0.01160525747,0.02607081486,1.570072589e-05,0.0002987122255,0.001644838009,0.003949666204,0.007917085151,0.01539293902,0.9279172464
0.00375,0.9280008194,0.02603589003,0.04281118123,0.9571888188,0.932426691,0.8773903607,0.9454629159,0.8168945046,0.7580787696,0.7616942398,0.716735364,0.1647219002,0.9056376896,59.07342578,2.739972643e-27,1.717538944e-06,14.48658167,15.21613933,0,0.1831054954,1.554312234e-15,0.01654025216,5.524567154e-08,0.0760970968,0.0001057666993,0.0009781198793,0.004098415057,0.01159298956,0.02603589003,1.568385758e-05,0.0002983986368,0.001643118636,0.003945512886,0.007908725065,0.01537656031,0.9280008194
0.003775,0.9280825812,0.02600170939,0.04275968277,0.9572403172,0.9328399207,0.8778092072,0.945830926,0.8167285855,0.7579915738,0.7618770289,0.7169318721,0.1632567187,0.906477031,58.14375959,2.696852409e-27,1.710825093e-06,14.53537345,15.264321,0,0.1832714145,1.776356839e-15,0.01634068995,5.472258064e-08,0.07604439118,0.0001056562676,0.0009771167591,0.004094210943,0.01158098941,0.02600170939,1.566737129e-05,0.0002980920986,0.001641437579,0.003941451123,0.007900547633,0.01536054023,0.9280825812
0.0038,0.9281625772,0.02596825459,0.04270928875,0.9572907113,0.9332460573,0.8782207144,0.946192764,0.8165644495,0.7579045639,0.762055553,0.7171238142,0.1618145773,0.9073031737,57.23016066,2.654477415e-27,1.704201221e-06,14.58411525,15.31243816,0,0.1834355505,1.776356839e-15,0.01614405776,5.420896774e-08,0.07599254518,0.0001055483175,0.0009761359893,0.004090099583,0.01156925027,0.02596825459,1.565125703e-05,0.0002977924281,0.001639793855,0.003937478589,0.007892548246,0.0153448697,0.9281625772
0.003825,0.9282408511,0.02593550803,0.04265997202,0.957340028,0.9336452386,0.8786250294,0.9465485476,0.8164020701,0.7578177524,0.7622299055,0.7173112928,0.1603950788,0.9081163453,56.3323111,2.612832915e-27,1.697665996e-06,14.63280809,15.36049213,0,0.1835979299,2.220446049e-15,0.01595031155,5.370463982e-08,0.07594155279,0.0001054427848,0.0009751769962,0.004086078621,0.01155776559,0.02593550803,1.56355051e-05,0.0002974994478,0.001638186509,0.003933593027,0.007884722437,0.01532953995,0.9282408511
0.00385,0.9283174458,0.02590345231,0.04261170595,0.957388294,0.9340375998,0.8790222963,0.9468983916,0.8162414212,0.7577311513,0.7624001779,0.7174944084,0.1589978328,0.9089167693,55.44989785,2.571904391e-27,1.691218107e-06,14.68145292,15.40848419,0,0.1837585788,1.998401444e-15,0.01575940782,5.320940837e-08,0.07589139282,0.0001053396072,0.0009742392235,0.00408214577,0.01154652904,0.02590345231,1.562010611e-05,0.0002972129859,0.001636614615,0.003929792248,0.00787706588,0.01531454245,0.9283174458
0.003875,0.9283924024,0.02587207081,0.04256446495,0.9574355351,0.9344232725,0.879412655,0.9472424081,0.8160824771,0.7576447715,0.7625664589,0.7176732579,0.1576224574,0.9097046645,54.58261654,2.531677723e-27,1.684856271e-06,14.73005071,15.45641557,0,0.1839175229,1.776356839e-15,0.01557130355,5.272308926e-08,0.07584203093,0.000105238724,0.0009733221314,0.004078298813,0.01153553447,0.02587207081,1.560505095e-05,0.0002969328756,0.001635077275,0.003926074126,0.007869574369,0.01529986893,0.9283924024
0.0039,0.9284657615,0.02584134706,0.0425182238,0.9574817762,0.9348023855,0.8797962426,0.9475807068,0.8159252126,0.7575586239,0.7627288352,0.7178479363,0.1562685778,0.9104802457,59.9611176,2.781146001e-27,1.678579226e-06,14.77860237,15.50428748,0,0.1840747874,1.776356839e-15,0.01538595647,5.224550261e-08,0.07579345049,0.0001051400766,0.0009724251961,0.004074535597,0.01152477588,0.02584134706,1.559033079e-05,0.0002966589551,0.001633573616,0.003922436598,0.007862243815,0.01528551134,0.9284657615
0.003925,0.9285375622,0.02581126519,0.0424729582,0.9575270418,0.9351750649,0.880173193,0.947913395,0.8157696028,0.7574727183,0.7628873912,0.718018536,0.1549358267,0.9112437233,58.96466665,2.734928123e-27,1.672385734e-06,14.82710882,15.55210111,0,0.1842303972,1.776356839e-15,0.01520332507,5.177647271e-08,0.07574565346,0.0001050436081,0.0009715479093,0.004070854031,0.01151424746,0.02581126519,1.557593706e-05,0.0002963910674,0.001632102793,0.00391887766,0.00785507025,0.01527146189,0.9285375622
0.00395,0.9286078421,0.02578181009,0.04242864479,0.9575713552,0.9355414333,0.8805436366,0.9482405776,0.8156156231,0.7573870638,0.7630422091,0.7181851469,0.1536238445,0.9119953032,46.9246084,2.176480229e-27,1.666274585e-06,14.87557093,15.59985762,0,0.1843843769,2.220446049e-15,0.01502336847,5.131582786e-08,0.07569863031,0.0001049492633,0.0009706897779,0.004067252084,0.01150394358,0.02578181009,1.556186145e-05,0.0002961290601,0.001630663983,0.003915395368,0.007848049825,0.015257713,0.9286078421
0.003975,0.9286766384,0.02575296658,0.04238526044,0.9576147396,0.9359016114,0.8809077011,0.9485623571,0.8154632496,0.7573016694,0.7631933693,0.7183478565,0.1523322777,0.9127351879,24.97145108,1.158238106e-27,1.660244583e-06,14.92398957,15.64755814,0,0.1845367504,1.998401444e-15,0.01484604622,5.086340031e-08,0.07565235421,0.0001048569885,0.0009698503227,0.004063727788,0.01149385876,0.02575296658,1.554809589e-05,0.0002958727854,0.001629256389,0.003911987833,0.007841178801,0.0152442573,0.9286766384
0.004,0.9287439869,0.02572472002,0.04234278273,0.9576572173,0.9362557165,0.8812655111,0.9488788337,0.8153124585,0.7572165433,0.7633409501,0.7185067505,0.1510607799,0.913463576,-2.108642172,-9.780407668e-29,1.654294555e-06,14.97236558,15.69520375,0,0.1846875415,1.998401444e-15,0.01467131848,5.041902611e-08,0.07560679858,0.0001047667318,0.0009690290788,0.004060279227,0.01148398767,0.02572472002,1.553463255e-05,0.0002956220998,0.001627879237,0.003908653219,0.007834453537,0.01523108765,0.9287439869
0.004025,0.9365136305,0.01983535836,0.0357097447,0.9642902553,0.9350149531,0.8862109669,0.9462873128,0.8151694335,0.7634172857,0.7621956097,0.7224120919,0.1524820869,0.9126493685,-27.92590954,-1.295273249e-27,1.66094472e-06,15.02018897,15.73983909,0,0.1848305665,1.776356839e-15,0.01462906443,4.996979337e-08,0.04691963466,0.0001046186247,0.0009645113848,0.003989888382,0.01081536795,0.01983535836,1.551737392e-05,0.0002950246442,0.001616914293,0.003815746667,0.007367324998,0.01466609678,0.9365136305
0.00405,0.9430466188,0.01667191596,0.03128058461,0.9687194154,0.9338742252,0.8901981315,0.943959836,0.8150398214,0.7686205477,0.7611446817,0.7255469262,0.1538013089,0.9118936412,-46.4267037,-2.153386169e-27,1.667102036e-06,15.06572133,15.77936602,0,0.1849601786,1.776356839e-15,0.01459009722,4.9327301e-08,0.02911711854,0.0001037125796,0.0009381152315,0.003762485315,0.009804355532,0.01667191596,1.543617234e-05,0.0002906912102,0.00155782658,0.003551336346,0.006708843906,0.01354866241,0.9430466188
0.004075,0.948452842,0.01464622941,0.02802505023,0.9719749498,0.932825005,0.8933242643,0.9418752569,0.8149216325,0.7729147384,0.7601792759,0.7279892678,0.155016976,0.9111972362,-53.72335347,-2.491822961e-27,1.67276326e-06,15.10837446,15.81483991,0,0.1850783675,1.998401444e-15,0.01455310769,4.813858028e-08,0.0180693349,0.0001011042383,0.0008883145072,0.003475582256,0.008913819819,0.01464622941,1.517545269e-05,0.0002797359873,0.001458815268,0.003253758423,0.006130430067,0.01238419254,0.948452842
0.0041,0.952901251,0.01318393344,0.02549016784,0.9745098322,0.9318524013,0.895729523,0.940002463,0.8148127352,0.7764360747,0.7592852039,0.7298518226,0.1561389293,0.9105545159,-49.8245722,-2.310987774e-27,1.677977361e-06,15.14829871,15.84705297,0,0.1851872648,1.776356839e-15,0.01451710681,4.624010206e-08,0.01121336451,9.672840117e-05,0.0008274827702,0.003196940385,0.008185082847,0.01318393344,1.467947091e-05,0.0002636842952,0.001348462794,0.002984944096,0.005644676859,0.01135213365,0.952901251
0.004125,0.9565567234,0.01205769041,0.02345777539,0.9765422246,0.9309418621,0.8975476716,0.9383109748,0.8147113747,0.7793176431,0.7584489242,0.7312422973,0.1571800596,0.9099580958,-40.27868438,-1.868225718e-27,1.682806773e-06,15.18584734,15.87661239,0,0.1852886253,1.998401444e-15,0.01448145255,4.373934569e-08,0.006958725617,9.119584823e-05,0.0007660945561,0.002950347958,0.007592446618,0.01205769041,1.398267864e-05,0.0002455894025,0.001243973058,0.002756329432,0.005240067153,0.01048555951,0.9565567234
0.00415,0.9595613697,0.0111623257,0.0218056871,0.9781943129,0.930080943,0.8988920954,0.9367739509,0.8146161856,0.7816742228,0.75765899,0.73225205,0.1581531272,0.9094006659,-37.74151524,-1.750545493e-27,1.687312662e-06,15.22139208,15.9039981,0,0.1853838144,1.998401444e-15,0.0144457582,4.088248465e-08,0.004318406146,8.523498702e-05,0.0007096333828,0.00274003584,0.007108457196,0.0111623257,1.316714204e-05,0.0002277906515,0.001151795158,0.002565270943,0.004904489609,0.009770429674,0.9595613697
0.004175,0.9620326043,0.01043932298,0.02045408368,0.9795459163,0.9292594853,0.8998549673,0.9353684722,0.8145261077,0.7836006727,0.7569061116,0.732955364,0.1590696554,0.9088756251,-35.6688214,-1.654408789e-27,1.691549917e-06,15.25526764,15.92959747,0,0.1854738923,2.220446049e-15,0.01440980832,3.791992043e-08,0.002679891788,7.940061095e-05,0.000660121192,0.002563532949,0.006711705942,0.01043932298,1.231709898e-05,0.0002115339929,0.001073066354,0.002406564047,0.004626939794,0.009182890731,0.9620326043
0.0042,0.9640662751,0.009850726217,0.01934484886,0.9806551511,0.928469348,0.9005102726,0.9340750692,0.8144403068,0.7851744328,0.7561828606,0.7334118627,0.1599396382,0.9083772482,-33.97864805,-1.576014339e-27,1.695565927e-06,15.28776018,15.95372668,0,0.1855596932,2.220446049e-15,0.01437349912,3.504042727e-08,0.001663071919,7.402174686e-05,0.0006177997682,0.002416555145,0.006385745987,0.009850726217,1.149601311e-05,0.0001972891572,0.001006871237,0.002275115194,0.004397760005,0.008700344474,0.9640662751
0.004225,0.9657405422,0.009369354196,0.01843304587,0.9815669541,0.9277040595,0.9009173001,0.9328771661,0.8143581152,0.7864586477,0.7554833293,0.7336693145,0.1607715634,0.9079006729,-32.60496839,-1.512299655e-27,1.69940079e-06,15.31910953,15.97664517,0,0.1856418848,2.220446049e-15,0.01433679866,3.235986614e-08,0.00103205966,6.924889277e-05,0.0005821399849,0.002294674929,0.006117627867,0.009369354196,1.074229557e-05,0.0001851011373,0.0009516689934,0.00216643839,0.004208695788,0.008303765352,0.9657405422
0.00425,0.9671192787,0.008974606198,0.01768287082,0.9823171292,0.9269584951,0.9011236488,0.9317606097,0.8142789907,0.7875049102,0.7548028278,0.7337660553,0.1615725497,0.9074418213,-31.49310987,-1.460728887e-27,1.703088035e-06,15.34951507,15.99856628,0,0.1857210093,2.220446049e-15,0.01429972018,2.993495023e-08,0.0006404696816,6.511780445e-05,0.0005523444292,0.002193853254,0.005896949131,0.008974606198,1.007387649e-05,0.0001748188423,0.0009058464641,0.002076697092,0.004052809177,0.007977605026,0.9671192787
0.004275,0.968254812,0.008650358336,0.01706536846,0.9829346315,0.9262286056,0.9011676263,0.9307132948,0.8142024873,0.7883554762,0.7541376344,0.7337329227,0.1623485176,0.9069973016,-30.59730237,-1.419179103e-27,1.706655472e-06,15.37914189,16.01966562,0,0.1857975127,2.220446049e-15,0.01426230415,2.778248954e-08,0.0003974590121,6.160029624e-05,0.000527575691,0.002110577746,0.005715256385,0.008650358336,9.494864728e-06,0.000166218429,0.0008679155438,0.002002653465,0.003924321528,0.007709215735,0.968254812
0.0043,0.969190097,0.008383748535,0.01655693864,0.9834430614,0.9255111958,0.9010801297,0.9297248626,0.8141282338,0.7890450219,0.7534847953,0.7335947745,0.163104361,0.9065643104,-29.87919006,-1.385871265e-27,1.710126037e-06,15.40812644,16.04008785,0,0.1858717662,2.220446049e-15,0.01422460606,2.58956951e-08,0.0002466528406,5.863770665e-05,0.0005070519685,0.002041862382,0.005565638047,0.008383748535,9.001285465e-06,0.0001590634094,0.0008365722932,0.001941597064,0.003818442277,0.007488288065,0.969190097
0.004325,0.969960446,0.008164395707,0.01613826147,0.9838617385,0.924803747,0.9008861221,0.9287864529,0.8140559194,0.7896020426,0.7528419645,0.7333716804,0.1638441056,0.9061405416,-29.30672895,-1.359319093e-27,1.71351856e-06,15.43658134,16.05995212,0,0.1859440806,2.220446049e-15,0.01418668821,2.425556071e-08,0.0001530664092,5.61606676e-05,0.0004900813107,0.001985199197,0.005442424589,0.008164395707,8.58512768e-06,0.0001531314615,0.0008107025428,0.001891271025,0.003731209609,0.007306392803,0.969960446
0.00435,0.9705949169,0.007983858647,0.01579347982,0.9842065202,0.9241042752,0.9006057989,0.927890496,0.8139852812,0.7900499764,0.7522072783,0.7330798645,0.1645710493,0.9057241058,-28.85326092,-1.338286117e-27,1.716848435e-06,15.46459954,16.07935662,0,0.1860147188,2.220446049e-15,0.01414861426,2.283794768e-08,9.498907682e-05,5.409980024e-05,0.0004760682242,0.001938496462,0.005340956682,0.007983858647,8.236876397e-06,0.0001482247328,0.0007893673089,0.001849802728,0.003659351348,0.007156620268,0.9705949169
0.004375,0.9711174367,0.007835240577,0.0155095578,0.9844904422,0.9234112189,0.9002555157,0.9270305338,0.813916096,0.7904081129,0.7515792543,0.7327324548,0.1652878842,0.905313461,-28.49670281,-1.321748063e-27,1.72012821e-06,15.49225767,16.09838223,0,0.186083904,2.220446049e-15,0.01411044575,2.16176229e-08,5.894777804e-05,5.239092964e-05,0.0004645083808,0.001900016979,0.005257400933,0.007835240577,7.946950754e-06,0.0001441722737,0.0007717816386,0.001815641905,0.003600166885,0.007033295825,0.9711174367
0.0044,0.9715477154,0.007712889069,0.01527576814,0.9847242319,0.92272335,0.8998485291,0.9262010654,0.8138481736,0.7906923337,0.7509567131,0.7323400819,0.1659968007,0.9049073523,-28.2188342,-1.308859825e-27,1.723368078e-06,15.51961891,16.11709562,0,0.1861518264,1.998401444e-15,0.01407223996,2.057036335e-08,3.658147497e-05,5.097719162e-05,0.0004549787782,0.00186832181,0.005188601291,0.007712889069,7.706437234e-06,0.0001408289016,0.0007572926071,0.001787507036,0.003551428313,0.006931753198,0.9715477154
0.004425,0.9719019933,0.007612162206,0.01508327778,0.9849167222,0.9220397036,0.8993955911,0.9253974138,0.8137813509,0.7909157171,0.7503387155,0.7319113591,0.1666995755,0.9045047619,-28.00467709,-1.298926685e-27,1.726576294e-06,15.54673534,16.13555171,0,0.1862186491,1.998401444e-15,0.01403404882,1.967392203e-08,2.270152252e-05,4.980947713e-05,0.0004471267725,0.001842221078,0.005131958247,0.007612162206,7.507402911e-06,0.0001380726119,0.0007453588262,0.001764339783,0.003511298191,0.00684815206,0.9719019933
0.00445,0.9721936543,0.007529242983,0.01492481063,0.9850751894,0.9213595217,0.8989054276,0.9246156088,0.8137154882,0.791089034,0.749724513,0.7314532688,0.1673976456,0.9041048666,-27.84196069,-1.291379493e-27,1.729759529e-06,15.57364987,16.15379573,0,0.1862845118,2.220446049e-15,0.01399591843,1.890836407e-08,1.408798101e-05,4.884605088e-05,0.0004406595201,0.001820731953,0.005085330127,0.007529242983,7.342974794e-06,0.0001358015609,0.0007355323114,0.001745266688,0.003478261407,0.006779330127,0.9721936543
0.004475,0.9724337283,0.007460990101,0.0147943718,0.9852056282,0.9206822099,0.8983851235,0.9238522866,0.8136504653,0.7912211555,0.7491135084,0.7309714737,0.1680921701,0.9037070025,-27.72066391,-1.285753446e-27,1.732923155e-06,15.60039787,16.17186498,0,0.1863495347,2.220446049e-15,0.013957889,1.825607692e-08,8.742638686e-06,4.805180965e-05,0.0004353344594,0.001803043229,0.005046952198,0.007460990101,7.207298649e-06,0.0001339311024,0.0007274428717,0.001729567203,0.003451068815,0.006722682566,0.9724337283
0.0045,0.9726313061,0.007404817007,0.01468702138,0.9853129786,0.9200073021,0.8978404339,0.9231046011,0.8135861788,0.7913193877,0.7485052254,0.7304705678,0.168784081,0.9033106356,-27.63262707,-1.281670078e-27,1.73607149e-06,15.62700848,16.18979017,0,0.1864138212,2.220446049e-15,0.01391999515,1.770162653e-08,5.425456716e-06,4.739742853e-05,0.0004309510206,0.0017884857,0.005015370223,0.007404817007,7.095442799e-06,0.0001323910853,0.000720784883,0.001716647112,0.003428690673,0.006676063305,0.9726313061
0.004525,0.9727938796,0.007358593259,0.01459868866,0.9854013113,0.9193344336,0.8972760356,0.9223701489,0.8135225397,0.7913897475,0.7478992833,0.7299542793,0.1694741262,0.9029153375,-27.57122468,-1.278822082e-27,1.739207993e-06,15.65350568,16.20759657,0,0.1864774603,1.998401444e-15,0.01388226632,1.723155236e-08,3.3668989e-06,4.685852035e-05,0.000427343549,0.001776507514,0.004989385816,0.007358593259,7.003282965e-06,0.0001311234827,0.0007153061891,0.001706016507,0.003410278207,0.006637704062,0.9727938796
0.00455,0.972927623,0.007320563785,0.01452601916,0.9854739808,0.9186633189,0.8966957307,0.9216469031,0.8134594713,0.7914371899,0.7472953777,0.729425635,0.1701629038,0.9025207655,-27.53109108,-1.276960586e-27,1.742335431e-06,15.67990925,16.22530504,0,0.1865405287,1.998401444e-15,0.01384472726,1.68341488e-08,2.089410864e-06,4.641486596e-05,0.0004243753378,0.001766653721,0.004968011449,0.007320563785,6.927386878e-06,0.00013008036,0.0007107988433,0.001697271556,0.003395131879,0.006606147789,0.972927623
0.004575,0.9730376242,0.007289282626,0.01446624874,0.9855337513,0.9179937349,0.8961026108,0.9209331566,0.8133969077,0.7914657946,0.7466932652,0.7288870925,0.1708508908,0.9021266464,-27.50789175,-1.275884543e-27,1.745456008e-06,15.70623546,16.24293272,0,0.1866030923,2.220446049e-15,0.01380739858,1.649925531e-08,1.296634644e-06,4.604973655e-05,0.0004219336346,0.001758549345,0.004950433401,0.007289282626,6.864907564e-06,0.0001292221555,0.0007070914173,0.00169007944,0.003382675217,0.006580193909,0.9730376242
0.0046,0.9731280755,0.007263558473,0.01441709986,0.9855829001,0.9173255078,0.8954991909,0.9202274742,0.8133347918,0.7914789207,0.7460927509,0.7283406481,0.1715384665,0.9017327629,-27.49813346,-1.275431929e-27,1.748571477e-06,15.73249772,16.26049375,0,0.1866652082,2.220446049e-15,0.01377029729,1.621806462e-08,8.046581119e-07,4.574931081e-05,0.0004199254836,0.001751885382,0.004935981212,0.007263558473,6.813488829e-06,0.0001285162387,0.0007040426259,0.001684165904,0.003372433211,0.006558853217,0.9731280755
0.004625,0.9732024308,0.007242409844,0.01437669605,0.985623304,0.9166585018,0.8948875178,0.9195286504,0.813273075,0.7914793335,0.7454936784,0.7277879233,0.1722259317,0.9013389428,-27.49900741,-1.275472465e-27,1.751683226e-06,15.75870707,16.27799975,0,0.186726925,2.442490654e-15,0.01373343728,1.59829516e-08,4.993501291e-07,4.550218098e-05,0.0004182742744,0.001746407236,0.004924102512,0.007242409844,6.771183667e-06,0.0001279357094,0.0007015360525,0.001679304984,0.003364014504,0.006541310722,0.9732024308
0.00465,0.9732635357,0.007225028172,0.01434349143,0.9856565086,0.9159926114,0.8942692569,0.9188356741,0.813211715,0.791469309,0.7448959224,0.727230236,0.1729135237,0.90094505,-27.50826005,-1.275901626e-27,1.754792355e-06,15.7848726,16.2954603,0,0.186788285,2.220446049e-15,0.01369682977,1.578732234e-08,3.098838473e-07,4.529893806e-05,0.0004169168844,0.001741905173,0.004914342266,0.007225028172,6.736384932e-06,0.0001274583987,0.0006994757898,0.001675310534,0.003357096695,0.006526895024,0.9732635357
0.004675,0.9733137342,0.007210747391,0.01431621263,0.9856837874,0.9153277545,0.8936457646,0.9181476981,0.8131506756,0.7914507206,0.744299382,0.7266686572,0.1736014293,0.9005509775,-27.52408714,-1.276635726e-27,1.757899727e-06,15.81100178,16.31288329,0,0.1868493244,2.442490654e-15,0.01366048375,1.562548172e-08,1.923059457e-07,4.513182556e-05,0.0004158013149,0.001738206439,0.004906325661,0.007210747391,6.707767028e-06,0.0001270660424,0.0006977828403,0.001672029223,0.003351414225,0.006515053067,0.9733137342
0.0047,0.9733549567,0.007199018875,0.01429381083,0.9857061892,0.9146638677,0.8930181452,0.9174640135,0.8130899259,0.7914251096,0.7437039764,0.7261040575,0.1742897949,0.9001566416,-27.54504715,-1.277607903e-27,1.761006021e-06,15.83710077,16.33027519,0,0.1869100741,2.220446049e-15,0.01362440635,1.54925174e-08,1.19340124e-07,4.499445179e-05,0.0004148847393,0.001735168761,0.004899744002,0.007199018875,6.684237194e-06,0.0001267435965,0.0006963921445,0.001669334771,0.003346748374,0.006505329332,0.9733549567
0.004725,0.9733887931,0.007189390776,0.01427542227,0.9857245777,0.9140009016,0.8923872983,0.9167840277,0.813029439,0.7913937444,0.7431096403,0.7255371446,0.1749787342,0.899761977,-27.56999062,-1.278764843e-27,1.764111765e-06,15.86317463,16.34764136,0,0.186970561,2.220446049e-15,0.01358860309,1.538419824e-08,7.405941161e-08,4.488155131e-05,0.0004141318907,0.001732674981,0.004894343072,0.007189390776,6.664894978e-06,0.000126478672,0.0006952501297,0.001667123188,0.003342919029,0.006497348671,0.9733887931
0.00475,0.9734165526,0.007181490993,0.0142603357,0.9857396643,0.9133388181,0.8917539569,0.9161072457,0.8129691921,0.7913576684,0.742516321,0.7249684939,0.1756683355,0.8993669331,-27.59800282,-1.280064119e-27,1.767217371e-06,15.88922754,16.36498618,0,0.1870308079,2.220446049e-15,0.01355307823,1.529688529e-08,4.59593661e-08,4.478878752e-05,0.0004135137318,0.00173062864,0.00488991355,0.007181490993,6.648998635e-06,0.0001262610682,0.000694312688,0.001665308853,0.003339777884,0.006490802169,0.9734165526
0.004775,0.9734393131,0.007175013133,0.01424796551,0.9857520345,0.9126775878,0.8911187183,0.9154332544,0.8129091653,0.7913177395,0.7419239761,0.7243985735,0.1763586664,0.8989714714,-27.62835722,-1.281472031e-27,1.770323156e-06,15.91526293,16.38231327,0,0.1870908347,2.220446049e-15,0.01351783493,1.522745378e-08,2.852120057e-08,4.471258955e-05,0.0004130063585,0.001728950329,0.004886283096,0.007175013133,6.635937308e-06,0.0001260823871,0.0006935435091,0.001663821275,0.003337202839,0.006485435477,0.9734393131
0.0048,0.9734579618,0.007169704938,0.01423782958,0.9857621704,0.9120171881,0.8904820693,0.9147617096,0.8128493419,0.7912746636,0.7413325711,0.723827764,0.1770497781,0.8985755623,-27.66047791,-1.282961869e-27,1.773429363e-06,15.94128361,16.3996256,0,0.1871506581,2.220446049e-15,0.01348287549,1.517322473e-08,1.769952353e-08,4.465001758e-05,0.0004125900945,0.001727574682,0.004883309844,0.007169704938,6.625208042e-06,0.0001259357163,0.0006929127056,0.001662602428,0.003335093381,0.006481039201,0.9734579618
0.004825,0.9734732292,0.007165358746,0.01422953107,0.9857704689,0.9113576018,0.8898444069,0.9140923245,0.812789707,0.7912290208,0.7407420782,0.7232563748,0.1777417091,0.8981791838,-27.69390929,-1.2845125e-27,1.776536174e-06,15.96729192,16.41692562,0,0.187210293,2.220446049e-15,0.0134482015,1.513190508e-08,1.098386909e-08,4.459865173e-05,0.0004122487464,0.001726447904,0.004880877017,0.007165358746,6.6163968e-06,0.0001258153669,0.0006923956804,0.001661604554,0.003333366782,0.006477440977,0.9734732292
0.00485,0.9734857164,0.007161803626,0.01422274335,0.9857772566,0.9106988155,0.8892060546,0.9134248604,0.8127302484,0.7911812881,0.7401524745,0.7226846576,0.1784344878,0.8977823198,-27.72829163,-1.286107239e-27,1.779643729e-06,15.99328975,16.43421533,0,0.1872697516,2.442490654e-15,0.01341381395,1.510153528e-08,6.816306661e-09,4.455650036e-05,0.0004119689882,0.001725525722,0.004878888513,0.007161803626,6.609162799e-06,0.0001257166573,0.0006919721924,0.00166078835,0.003331954954,0.00647449894,0.9734857164
0.004875,0.9734959181,0.007158898901,0.01421719764,0.9857828024,0.9100408191,0.8885672763,0.9127591188,0.812670955,0.7911318575,0.7395637416,0.7221128171,0.1791281343,0.8973849586,-27.76334152,-1.28773294e-27,1.782752128e-06,16.01927868,16.45149639,0,0.187329045,2.220446049e-15,0.01337971337,1.508044345e-08,4.230024604e-09,4.452192456e-05,0.0004117398558,0.001724771712,0.004877265246,0.007158898901,6.60322559e-06,0.0001256357357,0.0006916255876,0.001660121475,0.00333080187,0.006472096343,0.9734959181
0.0049,0.9735042414,0.007156528805,0.01421267276,0.9857873272,0.9093836049,0.8879282875,0.9120949347,0.8126118177,0.7910810512,0.7389758642,0.7215410197,0.1798226626,0.8969870923,-27.79846051,-1.289361846e-27,1.785861443e-06,16.04525999,16.46877017,0,0.1873881823,2.220446049e-15,0.01334589991,1.506720542e-08,2.625044477e-09,4.449357585e-05,0.0004115523288,0.001724155902,0.004875942146,0.007156528805,6.598354414e-06,0.000125569433,0.0006913421648,0.001659577321,0.003329861433,0.006470137121,0.9735042414
0.004925,0.9735110212,0.007154598087,0.01420898674,0.9857910133,0.9087271671,0.8872892638,0.9114321713,0.8125528283,0.7910291336,0.7383888297,0.7209694008,0.1805180815,0.8965887158,-27.8341027,-1.291015019e-27,1.788971723e-06,16.07123476,16.48603777,0,0.1874471717,2.220446049e-15,0.01331237342,1.506060991e-08,1.629035089e-09,4.447034484e-05,0.0004113989871,0.001723653642,0.00487486568,0.007154598087,6.594359419e-06,0.0001255151428,0.0006911106537,0.001659133998,0.003329095718,0.006468542235,0.9735110212
0.00495,0.9735165328,0.00715302838,0.01420598989,0.9857940101,0.9080715012,0.8866503484,0.9107707147,0.8124939798,0.7909763222,0.737802628,0.7203980703,0.1812143962,0.8961898262,-27.87026809,-1.29269246e-27,1.792083001e-06,16.09720385,16.50330012,0,0.1875060202,2.220446049e-15,0.01327913349,1.505962826e-08,1.010937279e-09,4.445131896e-05,0.000411273728,0.001723244653,0.004873991813,0.00715302838,6.591084432e-06,0.0001254707209,0.0006909217846,0.001658773501,0.00332847353,0.006467246667,0.9735165328
0.004975,0.973521003,0.007151755222,0.01420355908,0.9857964409,0.9074166041,0.8860116583,0.9101104708,0.8124352661,0.7909227952,0.7372172503,0.7198271174,0.1819116086,0.8957904222,-27.90695668,-1.294394168e-27,1.795195295e-06,16.12316798,16.52055797,0,0.1875647339,2.220446049e-15,0.01324617954,1.506338816e-08,6.273616747e-10,4.443574766e-05,0.0004111715325,0.001722912258,0.004873284323,0.007151755222,6.588400996e-06,0.0001254344043,0.0006907679341,0.001658481022,0.003327969212,0.006466196935,0.973521003
0.005,0.9735246181,0.007150725591,0.01420159305,0.985798407,0.9067624733,0.8853732891,0.9094513612,0.812376682,0.790868699,0.7366326894,0.7192566149,0.1826097184,0.8953905042,-27.94416847,-1.296120144e-27,1.798308611e-06,16.14912774,16.53781194,0,0.187623318,2.220446049e-15,0.01321351081,1.507115094e-08,3.893245201e-10,4.442301368e-05,0.0004110882735,0.001722642745,0.004872713426,0.007150725591,6.586203469e-06,0.0001254047432,0.0006906428336,0.001658244383,0.003327561663,0.006465349053,0.9735246181
