series,red_sideband_offset (Hz),P_up,P_n0,P_target,nbar,photons_total,target_state_scattering_rate_per_s,status
,-160000.0,0.9890967670892693,0.1886915869179679,0.1882858466984541,3.7936480036722315,6.651927331729784,71.40962135577044,invalid
,-150000.0,0.9657183249085721,0.10517047741497569,0.10485968024802159,5.3409822446389335,10.183466127317086,71.40962135577044,invalid
,-140000.0,0.8457619521797674,7.864132338293886e-05,7.794858730092213e-05,17.932843171035366,38.64451825905627,71.40962135577044,warning
,-130000.0,0.9457830745896868,0.06214176109162693,0.06182046577870914,6.642039650215179,13.266720767894785,71.40962135577044,warning
,-120000.0,0.9843652433386793,0.17450068074807082,0.17336751719330243,3.944412089922184,7.433512477155203,71.40962135577044,warning
,-110000.0,0.9892452929020127,0.21061084631448573,0.20856415887426183,3.4619724611681457,6.683077966113396,71.40962135577044,warning
,-100000.0,0.9874516939403476,0.22338449887592288,0.21969798689239045,3.3063946996049554,6.988713494591641,71.40962135577044,warning
,-90000.0,0.9781318642195821,0.2260856490183643,0.21840523820238367,3.2585567794699655,8.538138659958477,71.40962135577044,warning
,-80000.0,0.9394926671932474,0.21506928278490325,0.19353367851541145,3.3346804054400145,15.037714193394622,71.40962135577044,warning
,-70000.0,0.7375131699083308,0.17622451445602622,0.10534643162654388,3.961827111818906,50.3352109418234,71.40962135577044,warning
,-60000.0,0.9134615620638039,0.21201466342073197,0.18177159550757935,3.3517840188286967,19.41734897485183,71.40962135577044,warning
,-50000.0,0.9729703516304024,0.237774393287851,0.2276003065547776,3.1279073852344115,9.352818161444155,71.40962135577044,warning
,-40000.0,0.9862087340099798,0.2496956839617126,0.2447308097133985,3.035487481313946,7.161560636602859,71.40962135577044,warning
,-30000.0,0.9899977255894671,0.26307990177918616,0.25990426686483054,2.929159652388417,6.542413517727634,71.40962135577044,warning
,-20000.0,0.9893055199636458,0.2932704959679788,0.29048034545554197,2.702644791699491,6.6894306639014705,71.40962135577044,warning
,-10000.0,0.9816633296221704,0.4250084303034592,0.42026332820978235,1.9288272848654882,8.399222019021238,71.40962135577044,warning
,0.0,0.9915909834312506,0.972020483816842,0.9670489563256397,0.11352870453862834,12.920752415283118,71.40962135577044,warning
,10000.0,0.9803169140521455,0.5126750383744821,0.5074381177337899,1.5125005493483585,9.183024635136015,71.40962135577044,warning
,20000.0,0.9911267957387737,0.3094315091278702,0.3077872330321594,2.5737688280093227,6.441577664582268,71.40962135577044,warning
,30000.0,0.9950947173069555,0.27204366579970923,0.27115606296259387,2.8330939747022628,5.728638430849471,71.40962135577044,warning
,40000.0,0.996563769130811,0.2599674346150495,0.25935925888351424,2.9039073060754257,5.4793431693937205,71.40962135577044,warning
